person_id,name,season,team_id,pattern,year_used,url,status,content_type,bytes,md5,error,same_as_latest
1713,Vince Carter,2016-17,1610612763,latest_control,,https://cdn.nba.com/headshots/nba/latest/1040x760/1713.png,200,image/png,165832,fe107c3a384977000455d0adc1cbe3a6,,True
1713,Vince Carter,2016-17,1610612763,cdn_team_year_1040,start,https://cdn.nba.com/headshots/nba/1610612763/2016/1040x760/1713.png,200,image/png,179773,6a5c72e19e7e3a73c3f125747ab77992,,False
1713,Vince Carter,2016-17,1610612763,cdn_team_year_1040,end,https://cdn.nba.com/headshots/nba/1610612763/2017/1040x760/1713.png,403,application/xml,263,ed8293ad291e1affd5b1a505cfd9e7cd,,False
1713,Vince Carter,2016-17,1610612763,cdn_team_year_260,start,https://cdn.nba.com/headshots/nba/1610612763/2016/260x190/1713.png,200,image/png,17359,6f010075f3f64580b10364075d67c542,,False
1713,Vince Carter,2016-17,1610612763,cdn_team_year_260,end,https://cdn.nba.com/headshots/nba/1610612763/2017/260x190/1713.png,403,application/xml,263,8226a4678eda15014003a16dd69fb88e,,False
1713,Vince Carter,2016-17,1610612763,cdn_year_1040,start,https://cdn.nba.com/headshots/nba/2016/1040x760/1713.png,403,application/xml,263,248d037b0aa46b0932f291fffaf18ebf,,False
1713,Vince Carter,2016-17,1610612763,cdn_year_1040,end,https://cdn.nba.com/headshots/nba/2017/1040x760/1713.png,403,application/xml,243,5cbba0b4725de713951f0abf420a30b1,,False
1713,Vince Carter,2016-17,1610612763,akstatic_team_year_260,start,https://ak-static.cms.nba.com/wp-content/uploads/headshots/nba/1610612763/2016/260x190/1713.png,200,image/png,17359,6f010075f3f64580b10364075d67c542,,False
1713,Vince Carter,2016-17,1610612763,akstatic_team_year_260,end,https://ak-static.cms.nba.com/wp-content/uploads/headshots/nba/1610612763/2017/260x190/1713.png,403,application/xml,263,be5d034d33c7683d070c81cd4c008125,,False
1713,Vince Carter,2016-17,1610612763,akstatic_team_year_1040,start,https://ak-static.cms.nba.com/wp-content/uploads/headshots/nba/1610612763/2016/1040x760/1713.png,200,image/png,179773,6a5c72e19e7e3a73c3f125747ab77992,,False
1713,Vince Carter,2016-17,1610612763,akstatic_team_year_1040,end,https://ak-static.cms.nba.com/wp-content/uploads/headshots/nba/1610612763/2017/1040x760/1713.png,403,application/xml,263,3d5aeef51860999c06cdf52fc08e3c52,,False
2037,Jamal Crawford,2016-17,1610612746,latest_control,,https://cdn.nba.com/headshots/nba/latest/1040x760/2037.png,200,image/png,198575,5dce57ce31fb27dbfc6452da30794160,,True
2037,Jamal Crawford,2016-17,1610612746,cdn_team_year_1040,start,https://cdn.nba.com/headshots/nba/1610612746/2016/1040x760/2037.png,200,image/png,134318,bf78a665f0f5677e6b5e2ad10b55e084,,False
2037,Jamal Crawford,2016-17,1610612746,cdn_team_year_1040,end,https://cdn.nba.com/headshots/nba/1610612746/2017/1040x760/2037.png,403,application/xml,243,5f2b7892979ba724685c94508ca6b3d0,,False
2037,Jamal Crawford,2016-17,1610612746,cdn_team_year_260,start,https://cdn.nba.com/headshots/nba/1610612746/2016/260x190/2037.png,200,image/png,15416,7f74c09c45cf5403d2b274bceea55623,,False
2037,Jamal Crawford,2016-17,1610612746,cdn_team_year_260,end,https://cdn.nba.com/headshots/nba/1610612746/2017/260x190/2037.png,403,application/xml,243,f784ebdba92a44aa3ea910dc43be00b1,,False
2037,Jamal Crawford,2016-17,1610612746,cdn_year_1040,start,https://cdn.nba.com/headshots/nba/2016/1040x760/2037.png,403,application/xml,243,f94d05adb91d1bb9d64dc6773778945b,,False
2037,Jamal Crawford,2016-17,1610612746,cdn_year_1040,end,https://cdn.nba.com/headshots/nba/2017/1040x760/2037.png,403,application/xml,243,3eb2aa0dca500f7fbb916307397926fa,,False
2037,Jamal Crawford,2016-17,1610612746,akstatic_team_year_260,start,https://ak-static.cms.nba.com/wp-content/uploads/headshots/nba/1610612746/2016/260x190/2037.png,200,image/png,15416,7f74c09c45cf5403d2b274bceea55623,,False
2037,Jamal Crawford,2016-17,1610612746,akstatic_team_year_260,end,https://ak-static.cms.nba.com/wp-content/uploads/headshots/nba/1610612746/2017/260x190/2037.png,403,application/xml,263,49b88789894be7541d3e3004fda0a154,,False
2037,Jamal Crawford,2016-17,1610612746,akstatic_team_year_1040,start,https://ak-static.cms.nba.com/wp-content/uploads/headshots/nba/1610612746/2016/1040x760/2037.png,200,image/png,134318,bf78a665f0f5677e6b5e2ad10b55e084,,False
2037,Jamal Crawford,2016-17,1610612746,akstatic_team_year_1040,end,https://ak-static.cms.nba.com/wp-content/uploads/headshots/nba/1610612746/2017/1040x760/2037.png,403,application/xml,263,16c2a57088cfea95a35ca383b37e49f2,,False
2199,Tyson Chandler,2016-17,1610612756,latest_control,,https://cdn.nba.com/headshots/nba/latest/1040x760/2199.png,200,image/png,213652,b62ac8afa623a2938817de67b46dfa4f,,True
2199,Tyson Chandler,2016-17,1610612756,cdn_team_year_1040,start,https://cdn.nba.com/headshots/nba/1610612756/2016/1040x760/2199.png,200,image/png,163339,a36d11a2c1f4f155e60d1667baa6ff90,,False
2199,Tyson Chandler,2016-17,1610612756,cdn_team_year_1040,end,https://cdn.nba.com/headshots/nba/1610612756/2017/1040x760/2199.png,200,image/png,185856,eb6b7b7cad0a8d1eacfbb2246ac7ba23,,False
2199,Tyson Chandler,2016-17,1610612756,cdn_team_year_260,start,https://cdn.nba.com/headshots/nba/1610612756/2016/260x190/2199.png,200,image/png,15996,a2fb225dc45d28dfd4650faeb6485ef2,,False
2199,Tyson Chandler,2016-17,1610612756,cdn_team_year_260,end,https://cdn.nba.com/headshots/nba/1610612756/2017/260x190/2199.png,200,image/png,16008,c7245db5de8f29e8faa27cbc7c704274,,False
2199,Tyson Chandler,2016-17,1610612756,cdn_year_1040,start,https://cdn.nba.com/headshots/nba/2016/1040x760/2199.png,403,application/xml,243,42fcf6431bd4644343c28ba0d156ca72,,False
2199,Tyson Chandler,2016-17,1610612756,cdn_year_1040,end,https://cdn.nba.com/headshots/nba/2017/1040x760/2199.png,403,application/xml,263,8ecba8b84015d89310c600fc5468368a,,False
2199,Tyson Chandler,2016-17,1610612756,akstatic_team_year_260,start,https://ak-static.cms.nba.com/wp-content/uploads/headshots/nba/1610612756/2016/260x190/2199.png,200,image/png,15996,a2fb225dc45d28dfd4650faeb6485ef2,,False
2199,Tyson Chandler,2016-17,1610612756,akstatic_team_year_260,end,https://ak-static.cms.nba.com/wp-content/uploads/headshots/nba/1610612756/2017/260x190/2199.png,200,image/png,16008,c7245db5de8f29e8faa27cbc7c704274,,False
2199,Tyson Chandler,2016-17,1610612756,akstatic_team_year_1040,start,https://ak-static.cms.nba.com/wp-content/uploads/headshots/nba/1610612756/2016/1040x760/2199.png,200,image/png,163339,a36d11a2c1f4f155e60d1667baa6ff90,,False
2199,Tyson Chandler,2016-17,1610612756,akstatic_team_year_1040,end,https://ak-static.cms.nba.com/wp-content/uploads/headshots/nba/1610612756/2017/1040x760/2199.png,200,image/png,185856,eb6b7b7cad0a8d1eacfbb2246ac7ba23,,False
2200,Pau Gasol,2017-18,1610612759,latest_control,,https://cdn.nba.com/headshots/nba/latest/1040x760/2200.png,200,image/png,170937,5e11fa0d9456972aafc406083f7025b8,,True
2200,Pau Gasol,2017-18,1610612759,cdn_team_year_1040,start,https://cdn.nba.com/headshots/nba/1610612759/2017/1040x760/2200.png,200,image/png,153121,65009fe7e5252133b9fafa9c8f66c252,,False
2200,Pau Gasol,2017-18,1610612759,cdn_team_year_1040,end,https://cdn.nba.com/headshots/nba/1610612759/2018/1040x760/2200.png,200,image/png,163855,733b8c3a24698118f3665b976a3dd8c0,,False
2200,Pau Gasol,2017-18,1610612759,cdn_team_year_260,start,https://cdn.nba.com/headshots/nba/1610612759/2017/260x190/2200.png,200,image/png,14958,7e507a9d53145a8b3ed8e940a900d051,,False
2200,Pau Gasol,2017-18,1610612759,cdn_team_year_260,end,https://cdn.nba.com/headshots/nba/1610612759/2018/260x190/2200.png,200,image/png,15747,7b73d452fcdec80f8ffc206fed904a90,,False
2200,Pau Gasol,2017-18,1610612759,cdn_year_1040,start,https://cdn.nba.com/headshots/nba/2017/1040x760/2200.png,403,application/xml,263,589f26874aecae5ae520602e566e2bba,,False
2200,Pau Gasol,2017-18,1610612759,cdn_year_1040,end,https://cdn.nba.com/headshots/nba/2018/1040x760/2200.png,403,application/xml,263,2d747d07bafdda22644e384d4f2bef2a,,False
2200,Pau Gasol,2017-18,1610612759,akstatic_team_year_260,start,https://ak-static.cms.nba.com/wp-content/uploads/headshots/nba/1610612759/2017/260x190/2200.png,200,image/png,14958,7e507a9d53145a8b3ed8e940a900d051,,False
2200,Pau Gasol,2017-18,1610612759,akstatic_team_year_260,end,https://ak-static.cms.nba.com/wp-content/uploads/headshots/nba/1610612759/2018/260x190/2200.png,200,image/png,15747,7b73d452fcdec80f8ffc206fed904a90,,False
2200,Pau Gasol,2017-18,1610612759,akstatic_team_year_1040,start,https://ak-static.cms.nba.com/wp-content/uploads/headshots/nba/1610612759/2017/1040x760/2200.png,200,image/png,153121,65009fe7e5252133b9fafa9c8f66c252,,False
2200,Pau Gasol,2017-18,1610612759,akstatic_team_year_1040,end,https://ak-static.cms.nba.com/wp-content/uploads/headshots/nba/1610612759/2018/1040x760/2200.png,200,image/png,163855,733b8c3a24698118f3665b976a3dd8c0,,False
2207,Joe Johnson,2017-18,1610612745,latest_control,,https://cdn.nba.com/headshots/nba/latest/1040x760/2207.png,200,image/png,166652,113b3f256c6544e3b76d73d0930cfc92,,True
2207,Joe Johnson,2017-18,1610612745,cdn_team_year_1040,start,https://cdn.nba.com/headshots/nba/1610612745/2017/1040x760/2207.png,200,image/png,223482,b8e7396eaa7c0552674b4ec558aae098,,False
2207,Joe Johnson,2017-18,1610612745,cdn_team_year_1040,end,https://cdn.nba.com/headshots/nba/1610612745/2018/1040x760/2207.png,403,application/xml,243,058a37036904dd4fa23d96ae48d996e5,,False
2207,Joe Johnson,2017-18,1610612745,cdn_team_year_260,start,https://cdn.nba.com/headshots/nba/1610612745/2017/260x190/2207.png,200,image/png,16455,742a8fd1f713c3aa0edfe3e54a309fe9,,False
2207,Joe Johnson,2017-18,1610612745,cdn_team_year_260,end,https://cdn.nba.com/headshots/nba/1610612745/2018/260x190/2207.png,403,application/xml,243,c0c20ca70a4a08de49c93b745e2a73f6,,False
2207,Joe Johnson,2017-18,1610612745,cdn_year_1040,start,https://cdn.nba.com/headshots/nba/2017/1040x760/2207.png,403,application/xml,243,329a673e74797250da3eae2560d9265e,,False
2207,Joe Johnson,2017-18,1610612745,cdn_year_1040,end,https://cdn.nba.com/headshots/nba/2018/1040x760/2207.png,403,application/xml,243,517b37127580ae47700b99b5010b6df3,,False
2207,Joe Johnson,2017-18,1610612745,akstatic_team_year_260,start,https://ak-static.cms.nba.com/wp-content/uploads/headshots/nba/1610612745/2017/260x190/2207.png,200,image/png,16455,742a8fd1f713c3aa0edfe3e54a309fe9,,False
2207,Joe Johnson,2017-18,1610612745,akstatic_team_year_260,end,https://ak-static.cms.nba.com/wp-content/uploads/headshots/nba/1610612745/2018/260x190/2207.png,403,application/xml,263,3ae484b7a285f8aeb8acf8dcd1f733c7,,False
2207,Joe Johnson,2017-18,1610612745,akstatic_team_year_1040,start,https://ak-static.cms.nba.com/wp-content/uploads/headshots/nba/1610612745/2017/1040x760/2207.png,200,image/png,223482,b8e7396eaa7c0552674b4ec558aae098,,False
2207,Joe Johnson,2017-18,1610612745,akstatic_team_year_1040,end,https://ak-static.cms.nba.com/wp-content/uploads/headshots/nba/1610612745/2018/1040x760/2207.png,403,application/xml,263,d16055e5ae1f52651f18d7bad7447ed6,,False
2210,Richard Jefferson,2017-18,1610612743,latest_control,,https://cdn.nba.com/headshots/nba/latest/1040x760/2210.png,200,image/png,186164,9d9b18179a63d605f752ce8bf449cba1,,True
2210,Richard Jefferson,2017-18,1610612743,cdn_team_year_1040,start,https://cdn.nba.com/headshots/nba/1610612743/2017/1040x760/2210.png,200,image/png,186164,9d9b18179a63d605f752ce8bf449cba1,,True
2210,Richard Jefferson,2017-18,1610612743,cdn_team_year_1040,end,https://cdn.nba.com/headshots/nba/1610612743/2018/1040x760/2210.png,403,application/xml,243,9ec8508e7a89a2d414a26f8fff7df449,,False
2210,Richard Jefferson,2017-18,1610612743,cdn_team_year_260,start,https://cdn.nba.com/headshots/nba/1610612743/2017/260x190/2210.png,200,image/png,14477,31291f4360fab4106512bec10f36cbfd,,False
2210,Richard Jefferson,2017-18,1610612743,cdn_team_year_260,end,https://cdn.nba.com/headshots/nba/1610612743/2018/260x190/2210.png,403,application/xml,263,9b8b0dba6220c45e4b4421e558298721,,False
2210,Richard Jefferson,2017-18,1610612743,cdn_year_1040,start,https://cdn.nba.com/headshots/nba/2017/1040x760/2210.png,403,application/xml,263,1d1d80d7b3fa0e7e5e0cd6b5688d53a0,,False
2210,Richard Jefferson,2017-18,1610612743,cdn_year_1040,end,https://cdn.nba.com/headshots/nba/2018/1040x760/2210.png,403,application/xml,243,6c409b7c896390d379c3bfb19d67f52f,,False
2210,Richard Jefferson,2017-18,1610612743,akstatic_team_year_260,start,https://ak-static.cms.nba.com/wp-content/uploads/headshots/nba/1610612743/2017/260x190/2210.png,200,image/png,14477,31291f4360fab4106512bec10f36cbfd,,False
2210,Richard Jefferson,2017-18,1610612743,akstatic_team_year_260,end,https://ak-static.cms.nba.com/wp-content/uploads/headshots/nba/1610612743/2018/260x190/2210.png,403,application/xml,243,950878c28d3316fc520abd37f1336fa5,,False
2210,Richard Jefferson,2017-18,1610612743,akstatic_team_year_1040,start,https://ak-static.cms.nba.com/wp-content/uploads/headshots/nba/1610612743/2017/1040x760/2210.png,200,image/png,186164,9d9b18179a63d605f752ce8bf449cba1,,True
2210,Richard Jefferson,2017-18,1610612743,akstatic_team_year_1040,end,https://ak-static.cms.nba.com/wp-content/uploads/headshots/nba/1610612743/2018/1040x760/2210.png,403,application/xml,243,37aafa419d8c63458b71339568b4cad6,,False
2225,Tony Parker,2018-19,1610612766,latest_control,,https://cdn.nba.com/headshots/nba/latest/1040x760/2225.png,200,image/png,195420,81798db17141f4f5fe6ae0acfd55c4b5,,True
2225,Tony Parker,2018-19,1610612766,cdn_team_year_1040,start,https://cdn.nba.com/headshots/nba/1610612766/2018/1040x760/2225.png,200,image/png,195420,81798db17141f4f5fe6ae0acfd55c4b5,,True
2225,Tony Parker,2018-19,1610612766,cdn_team_year_1040,end,https://cdn.nba.com/headshots/nba/1610612766/2019/1040x760/2225.png,403,application/xml,263,4640f43faee7c1416476b387fe43556f,,False
2225,Tony Parker,2018-19,1610612766,cdn_team_year_260,start,https://cdn.nba.com/headshots/nba/1610612766/2018/260x190/2225.png,200,image/png,14688,e02eed330f3ceefb1fda48e47ab58fc8,,False
2225,Tony Parker,2018-19,1610612766,cdn_team_year_260,end,https://cdn.nba.com/headshots/nba/1610612766/2019/260x190/2225.png,403,application/xml,263,2516c2a767dc99baa7512e153e2e0658,,False
2225,Tony Parker,2018-19,1610612766,cdn_year_1040,start,https://cdn.nba.com/headshots/nba/2018/1040x760/2225.png,403,application/xml,263,e9900015ec90289e850860211c21ef75,,False
2225,Tony Parker,2018-19,1610612766,cdn_year_1040,end,https://cdn.nba.com/headshots/nba/2019/1040x760/2225.png,403,application/xml,263,a36caa871cb9bf0a8da21ef27111b0aa,,False
2225,Tony Parker,2018-19,1610612766,akstatic_team_year_260,start,https://ak-static.cms.nba.com/wp-content/uploads/headshots/nba/1610612766/2018/260x190/2225.png,200,image/png,14688,e02eed330f3ceefb1fda48e47ab58fc8,,False
2225,Tony Parker,2018-19,1610612766,akstatic_team_year_260,end,https://ak-static.cms.nba.com/wp-content/uploads/headshots/nba/1610612766/2019/260x190/2225.png,403,application/xml,263,52f1810e003d79a6ad9e03802524fb67,,False
2225,Tony Parker,2018-19,1610612766,akstatic_team_year_1040,start,https://ak-static.cms.nba.com/wp-content/uploads/headshots/nba/1610612766/2018/1040x760/2225.png,200,image/png,195420,81798db17141f4f5fe6ae0acfd55c4b5,,True
2225,Tony Parker,2018-19,1610612766,akstatic_team_year_1040,end,https://ak-static.cms.nba.com/wp-content/uploads/headshots/nba/1610612766/2019/1040x760/2225.png,403,application/xml,263,b403c4f595fe396ed0294ae8b9c14e12,,False
2544,LeBron James,2018-19,1610612747,latest_control,,https://cdn.nba.com/headshots/nba/latest/1040x760/2544.png,200,image/png,214782,75fb09a638c9305c65d9507240d1017d,,True
2544,LeBron James,2018-19,1610612747,cdn_team_year_1040,start,https://cdn.nba.com/headshots/nba/1610612747/2018/1040x760/2544.png,200,image/png,197205,1bdf29222ad5ba2119d1a607c88d4cc8,,False
2544,LeBron James,2018-19,1610612747,cdn_team_year_1040,end,https://cdn.nba.com/headshots/nba/1610612747/2019/1040x760/2544.png,200,image/png,197734,c1325650b8e952f79b55242867fd4df8,,False
2544,LeBron James,2018-19,1610612747,cdn_team_year_260,start,https://cdn.nba.com/headshots/nba/1610612747/2018/260x190/2544.png,200,image/png,16426,f72fec00c3fad00b49c191b8aa544dca,,False
2544,LeBron James,2018-19,1610612747,cdn_team_year_260,end,https://cdn.nba.com/headshots/nba/1610612747/2019/260x190/2544.png,200,image/png,16329,9f7a4912c52e2351e0aa662004d49aba,,False
2544,LeBron James,2018-19,1610612747,cdn_year_1040,start,https://cdn.nba.com/headshots/nba/2018/1040x760/2544.png,403,application/xml,243,74545546d56604ba696bbd29ec701a5d,,False
2544,LeBron James,2018-19,1610612747,cdn_year_1040,end,https://cdn.nba.com/headshots/nba/2019/1040x760/2544.png,403,application/xml,263,efa00748769ecc078cefa1ccfd384829,,False
2544,LeBron James,2018-19,1610612747,akstatic_team_year_260,start,https://ak-static.cms.nba.com/wp-content/uploads/headshots/nba/1610612747/2018/260x190/2544.png,200,image/png,16426,f72fec00c3fad00b49c191b8aa544dca,,False
2544,LeBron James,2018-19,1610612747,akstatic_team_year_260,end,https://ak-static.cms.nba.com/wp-content/uploads/headshots/nba/1610612747/2019/260x190/2544.png,200,image/png,16329,9f7a4912c52e2351e0aa662004d49aba,,False
2544,LeBron James,2018-19,1610612747,akstatic_team_year_1040,start,https://ak-static.cms.nba.com/wp-content/uploads/headshots/nba/1610612747/2018/1040x760/2544.png,200,image/png,197205,1bdf29222ad5ba2119d1a607c88d4cc8,,False
2544,LeBron James,2018-19,1610612747,akstatic_team_year_1040,end,https://ak-static.cms.nba.com/wp-content/uploads/headshots/nba/1610612747/2019/1040x760/2544.png,200,image/png,197734,c1325650b8e952f79b55242867fd4df8,,False
2548,Dwyane Wade,2018-19,1610612748,latest_control,,https://cdn.nba.com/headshots/nba/latest/1040x760/2548.png,200,image/png,140649,8ed948e1960bd56365ed5a76d4c84f66,,True
2548,Dwyane Wade,2018-19,1610612748,cdn_team_year_1040,start,https://cdn.nba.com/headshots/nba/1610612748/2018/1040x760/2548.png,200,image/png,140649,8ed948e1960bd56365ed5a76d4c84f66,,True
2548,Dwyane Wade,2018-19,1610612748,cdn_team_year_1040,end,https://cdn.nba.com/headshots/nba/1610612748/2019/1040x760/2548.png,403,application/xml,263,417d5bd7df05cd4bfb4f52e18efe5434,,False
2548,Dwyane Wade,2018-19,1610612748,cdn_team_year_260,start,https://cdn.nba.com/headshots/nba/1610612748/2018/260x190/2548.png,200,image/png,12980,d27b5f8b44e3348033cc5be90ba59239,,False
2548,Dwyane Wade,2018-19,1610612748,cdn_team_year_260,end,https://cdn.nba.com/headshots/nba/1610612748/2019/260x190/2548.png,403,application/xml,243,97302874244a1b4bff968d2882e41ba5,,False
2548,Dwyane Wade,2018-19,1610612748,cdn_year_1040,start,https://cdn.nba.com/headshots/nba/2018/1040x760/2548.png,403,application/xml,263,9934d66c4fa6dcee01cc2b8e70f00870,,False
2548,Dwyane Wade,2018-19,1610612748,cdn_year_1040,end,https://cdn.nba.com/headshots/nba/2019/1040x760/2548.png,403,application/xml,263,1efb43521f6f8b9c28ce002de6643f00,,False
2548,Dwyane Wade,2018-19,1610612748,akstatic_team_year_260,start,https://ak-static.cms.nba.com/wp-content/uploads/headshots/nba/1610612748/2018/260x190/2548.png,200,image/png,12980,d27b5f8b44e3348033cc5be90ba59239,,False
2548,Dwyane Wade,2018-19,1610612748,akstatic_team_year_260,end,https://ak-static.cms.nba.com/wp-content/uploads/headshots/nba/1610612748/2019/260x190/2548.png,403,application/xml,263,6d1b23f4daea5d89832179c36cc1f976,,False
2548,Dwyane Wade,2018-19,1610612748,akstatic_team_year_1040,start,https://ak-static.cms.nba.com/wp-content/uploads/headshots/nba/1610612748/2018/1040x760/2548.png,200,image/png,140649,8ed948e1960bd56365ed5a76d4c84f66,,True
2548,Dwyane Wade,2018-19,1610612748,akstatic_team_year_1040,end,https://ak-static.cms.nba.com/wp-content/uploads/headshots/nba/1610612748/2019/1040x760/2548.png,403,application/xml,263,42f2e354910d5279deb88096261cc824,,False
2546,Carmelo Anthony,2019-20,1610612757,latest_control,,https://cdn.nba.com/headshots/nba/latest/1040x760/2546.png,200,image/png,197517,dc46212615152f9f08871f2ed27f371a,,True
2546,Carmelo Anthony,2019-20,1610612757,cdn_team_year_1040,start,https://cdn.nba.com/headshots/nba/1610612757/2019/1040x760/2546.png,200,image/png,185783,08f3655d5d1818d11c50474049311fb8,,False
2546,Carmelo Anthony,2019-20,1610612757,cdn_team_year_1040,end,https://cdn.nba.com/headshots/nba/1610612757/2020/1040x760/2546.png,200,image/png,215374,61e73620a642e0d71b4221768bcf3947,,False
2546,Carmelo Anthony,2019-20,1610612757,cdn_team_year_260,start,https://cdn.nba.com/headshots/nba/1610612757/2019/260x190/2546.png,200,image/png,15887,b2f4f07ae8d621af014fb7662062c8bc,,False
2546,Carmelo Anthony,2019-20,1610612757,cdn_team_year_260,end,https://cdn.nba.com/headshots/nba/1610612757/2020/260x190/2546.png,200,image/png,16623,3e6e9dcd49e41f7d0605450945e0dc3a,,False
2546,Carmelo Anthony,2019-20,1610612757,cdn_year_1040,start,https://cdn.nba.com/headshots/nba/2019/1040x760/2546.png,403,application/xml,263,fabd1751d68b961f308be46a95ce744b,,False
2546,Carmelo Anthony,2019-20,1610612757,cdn_year_1040,end,https://cdn.nba.com/headshots/nba/2020/1040x760/2546.png,403,application/xml,263,9c1724ac6caeb8e0d3c4ceccf136903a,,False
2546,Carmelo Anthony,2019-20,1610612757,akstatic_team_year_260,start,https://ak-static.cms.nba.com/wp-content/uploads/headshots/nba/1610612757/2019/260x190/2546.png,200,image/png,15887,b2f4f07ae8d621af014fb7662062c8bc,,False
2546,Carmelo Anthony,2019-20,1610612757,akstatic_team_year_260,end,https://ak-static.cms.nba.com/wp-content/uploads/headshots/nba/1610612757/2020/260x190/2546.png,200,image/png,16623,3e6e9dcd49e41f7d0605450945e0dc3a,,False
2546,Carmelo Anthony,2019-20,1610612757,akstatic_team_year_1040,start,https://ak-static.cms.nba.com/wp-content/uploads/headshots/nba/1610612757/2019/1040x760/2546.png,200,image/png,185783,08f3655d5d1818d11c50474049311fb8,,False
2546,Carmelo Anthony,2019-20,1610612757,akstatic_team_year_1040,end,https://ak-static.cms.nba.com/wp-content/uploads/headshots/nba/1610612757/2020/1040x760/2546.png,200,image/png,215374,61e73620a642e0d71b4221768bcf3947,,False
2594,Kyle Korver,2019-20,1610612749,latest_control,,https://cdn.nba.com/headshots/nba/latest/1040x760/2594.png,200,image/png,178781,a38162da0e4d3d5a0ad6dc8677cc0830,,True
2594,Kyle Korver,2019-20,1610612749,cdn_team_year_1040,start,https://cdn.nba.com/headshots/nba/1610612749/2019/1040x760/2594.png,200,image/png,178781,a38162da0e4d3d5a0ad6dc8677cc0830,,True
2594,Kyle Korver,2019-20,1610612749,cdn_team_year_1040,end,https://cdn.nba.com/headshots/nba/1610612749/2020/1040x760/2594.png,403,application/xml,243,fbae9eff7590b8b5954a4ad165cd6c11,,False
2594,Kyle Korver,2019-20,1610612749,cdn_team_year_260,start,https://cdn.nba.com/headshots/nba/1610612749/2019/260x190/2594.png,200,image/png,14986,79672d65f910144ad37f306e6a5c367a,,False
2594,Kyle Korver,2019-20,1610612749,cdn_team_year_260,end,https://cdn.nba.com/headshots/nba/1610612749/2020/260x190/2594.png,403,application/xml,263,e4a08335dca6d8b5088353bc3d9af2ce,,False
2594,Kyle Korver,2019-20,1610612749,cdn_year_1040,start,https://cdn.nba.com/headshots/nba/2019/1040x760/2594.png,403,application/xml,243,88d56ebc136cfcca936c056cdc2df9a7,,False
2594,Kyle Korver,2019-20,1610612749,cdn_year_1040,end,https://cdn.nba.com/headshots/nba/2020/1040x760/2594.png,403,application/xml,243,691276c5bd6219c9c0bacc0e97b7fde3,,False
2594,Kyle Korver,2019-20,1610612749,akstatic_team_year_260,start,https://ak-static.cms.nba.com/wp-content/uploads/headshots/nba/1610612749/2019/260x190/2594.png,200,image/png,14986,79672d65f910144ad37f306e6a5c367a,,False
2594,Kyle Korver,2019-20,1610612749,akstatic_team_year_260,end,https://ak-static.cms.nba.com/wp-content/uploads/headshots/nba/1610612749/2020/260x190/2594.png,403,application/xml,263,435ee26b294abd816f833965668db389,,False
2594,Kyle Korver,2019-20,1610612749,akstatic_team_year_1040,start,https://ak-static.cms.nba.com/wp-content/uploads/headshots/nba/1610612749/2019/1040x760/2594.png,200,image/png,178781,a38162da0e4d3d5a0ad6dc8677cc0830,,True
2594,Kyle Korver,2019-20,1610612749,akstatic_team_year_1040,end,https://ak-static.cms.nba.com/wp-content/uploads/headshots/nba/1610612749/2020/1040x760/2594.png,403,application/xml,263,2a266e5b9a1262ffdc562f7f68d74db1,,False
2730,Dwight Howard,2019-20,1610612747,latest_control,,https://cdn.nba.com/headshots/nba/latest/1040x760/2730.png,200,image/png,214843,5ae727beb3c84a72dc3fd0e32ac98b25,,True
2730,Dwight Howard,2019-20,1610612747,cdn_team_year_1040,start,https://cdn.nba.com/headshots/nba/1610612747/2019/1040x760/2730.png,200,image/png,193018,8f2b9fcdab9aa352410cd94858b3d41f,,False
2730,Dwight Howard,2019-20,1610612747,cdn_team_year_1040,end,https://cdn.nba.com/headshots/nba/1610612747/2020/1040x760/2730.png,200,image/png,186329,d79548f021cb70eaaf1e022e41c4827c,,False
2730,Dwight Howard,2019-20,1610612747,cdn_team_year_260,start,https://cdn.nba.com/headshots/nba/1610612747/2019/260x190/2730.png,200,image/png,16525,e3fb7539af79f876fbafa4cb43013193,,False
2730,Dwight Howard,2019-20,1610612747,cdn_team_year_260,end,https://cdn.nba.com/headshots/nba/1610612747/2020/260x190/2730.png,200,image/png,16465,be8df26819a8cae696c25cc73da23a43,,False
2730,Dwight Howard,2019-20,1610612747,cdn_year_1040,start,https://cdn.nba.com/headshots/nba/2019/1040x760/2730.png,403,application/xml,263,ac781a570ab19016bc9836503cca4f4b,,False
2730,Dwight Howard,2019-20,1610612747,cdn_year_1040,end,https://cdn.nba.com/headshots/nba/2020/1040x760/2730.png,403,application/xml,263,1b7166bbf392ec46b0b35ae3f8bebc43,,False
2730,Dwight Howard,2019-20,1610612747,akstatic_team_year_260,start,https://ak-static.cms.nba.com/wp-content/uploads/headshots/nba/1610612747/2019/260x190/2730.png,200,image/png,16525,e3fb7539af79f876fbafa4cb43013193,,False
2730,Dwight Howard,2019-20,1610612747,akstatic_team_year_260,end,https://ak-static.cms.nba.com/wp-content/uploads/headshots/nba/1610612747/2020/260x190/2730.png,200,image/png,16465,be8df26819a8cae696c25cc73da23a43,,False
2730,Dwight Howard,2019-20,1610612747,akstatic_team_year_1040,start,https://ak-static.cms.nba.com/wp-content/uploads/headshots/nba/1610612747/2019/1040x760/2730.png,200,image/png,193018,8f2b9fcdab9aa352410cd94858b3d41f,,False
2730,Dwight Howard,2019-20,1610612747,akstatic_team_year_1040,end,https://ak-static.cms.nba.com/wp-content/uploads/headshots/nba/1610612747/2020/1040x760/2730.png,200,image/png,186329,d79548f021cb70eaaf1e022e41c4827c,,False
2738,Andre Iguodala,2020-21,1610612748,latest_control,,https://cdn.nba.com/headshots/nba/latest/1040x760/2738.png,200,image/png,193658,0011ec7148ea6ada04d6f14f47443229,,True
2738,Andre Iguodala,2020-21,1610612748,cdn_team_year_1040,start,https://cdn.nba.com/headshots/nba/1610612748/2020/1040x760/2738.png,200,image/png,241277,7277f35636ce0d02fb7841a8c2d58adb,,False
2738,Andre Iguodala,2020-21,1610612748,cdn_team_year_1040,end,https://cdn.nba.com/headshots/nba/1610612748/2021/1040x760/2738.png,403,application/xml,263,c0e83d7fa96465c7225455aea7b1ff0b,,False
2738,Andre Iguodala,2020-21,1610612748,cdn_team_year_260,start,https://cdn.nba.com/headshots/nba/1610612748/2020/260x190/2738.png,200,image/png,18522,b95db0efed837e0c3d225dd9880bcda8,,False
2738,Andre Iguodala,2020-21,1610612748,cdn_team_year_260,end,https://cdn.nba.com/headshots/nba/1610612748/2021/260x190/2738.png,403,application/xml,263,4290609e2254570640f6bc58bb961a53,,False
2738,Andre Iguodala,2020-21,1610612748,cdn_year_1040,start,https://cdn.nba.com/headshots/nba/2020/1040x760/2738.png,403,application/xml,263,6ebffe249446890768b9753ff5fcffaf,,False
2738,Andre Iguodala,2020-21,1610612748,cdn_year_1040,end,https://cdn.nba.com/headshots/nba/2021/1040x760/2738.png,403,application/xml,263,9466ede8ac84afd7a839cd286596c83c,,False
2738,Andre Iguodala,2020-21,1610612748,akstatic_team_year_260,start,https://ak-static.cms.nba.com/wp-content/uploads/headshots/nba/1610612748/2020/260x190/2738.png,200,image/png,18522,b95db0efed837e0c3d225dd9880bcda8,,False
2738,Andre Iguodala,2020-21,1610612748,akstatic_team_year_260,end,https://ak-static.cms.nba.com/wp-content/uploads/headshots/nba/1610612748/2021/260x190/2738.png,403,application/xml,243,66960d80bdac853beb90e96ee23e9829,,False
2738,Andre Iguodala,2020-21,1610612748,akstatic_team_year_1040,start,https://ak-static.cms.nba.com/wp-content/uploads/headshots/nba/1610612748/2020/1040x760/2738.png,200,image/png,241277,7277f35636ce0d02fb7841a8c2d58adb,,False
2738,Andre Iguodala,2020-21,1610612748,akstatic_team_year_1040,end,https://ak-static.cms.nba.com/wp-content/uploads/headshots/nba/1610612748/2021/1040x760/2738.png,403,application/xml,263,dba02f8ecfcf5247f251221f18048c9e,,False
2772,Trevor Ariza,2020-21,1610612748,latest_control,,https://cdn.nba.com/headshots/nba/latest/1040x760/2772.png,200,image/png,232464,8612e3e86edfc664a4bb6746f64acbd3,,True
2772,Trevor Ariza,2020-21,1610612748,cdn_team_year_1040,start,https://cdn.nba.com/headshots/nba/1610612748/2020/1040x760/2772.png,200,image/png,206580,94dcde8575bee4ecfd9de0ac003cb6dc,,False
2772,Trevor Ariza,2020-21,1610612748,cdn_team_year_1040,end,https://cdn.nba.com/headshots/nba/1610612748/2021/1040x760/2772.png,403,application/xml,243,e9c5a05116f6745d85213bc50720950b,,False
2772,Trevor Ariza,2020-21,1610612748,cdn_team_year_260,start,https://cdn.nba.com/headshots/nba/1610612748/2020/260x190/2772.png,200,image/png,17468,aa0d45a86b6908aec50dc6afa96397ad,,False
2772,Trevor Ariza,2020-21,1610612748,cdn_team_year_260,end,https://cdn.nba.com/headshots/nba/1610612748/2021/260x190/2772.png,403,application/xml,243,e82a9587755c66dadcc54551ee5b3763,,False
2772,Trevor Ariza,2020-21,1610612748,cdn_year_1040,start,https://cdn.nba.com/headshots/nba/2020/1040x760/2772.png,403,application/xml,243,081b42dbfd2427888e1b0c12322fd7fd,,False
2772,Trevor Ariza,2020-21,1610612748,cdn_year_1040,end,https://cdn.nba.com/headshots/nba/2021/1040x760/2772.png,403,application/xml,243,a4a9e15998d9bdd7719519ef69c0906e,,False
2772,Trevor Ariza,2020-21,1610612748,akstatic_team_year_260,start,https://ak-static.cms.nba.com/wp-content/uploads/headshots/nba/1610612748/2020/260x190/2772.png,200,image/png,17468,aa0d45a86b6908aec50dc6afa96397ad,,False
2772,Trevor Ariza,2020-21,1610612748,akstatic_team_year_260,end,https://ak-static.cms.nba.com/wp-content/uploads/headshots/nba/1610612748/2021/260x190/2772.png,403,application/xml,263,a872b2af6d40c1031ba26644c7176be3,,False
2772,Trevor Ariza,2020-21,1610612748,akstatic_team_year_1040,start,https://ak-static.cms.nba.com/wp-content/uploads/headshots/nba/1610612748/2020/1040x760/2772.png,200,image/png,206580,94dcde8575bee4ecfd9de0ac003cb6dc,,False
2772,Trevor Ariza,2020-21,1610612748,akstatic_team_year_1040,end,https://ak-static.cms.nba.com/wp-content/uploads/headshots/nba/1610612748/2021/1040x760/2772.png,403,application/xml,263,26779c650b2cab7ad93bcc975d5cf552,,False
101108,Chris Paul,2020-21,1610612756,latest_control,,https://cdn.nba.com/headshots/nba/latest/1040x760/101108.png,200,image/png,166625,3d20cd75055c519ec91c518a57ef125b,,True
101108,Chris Paul,2020-21,1610612756,cdn_team_year_1040,start,https://cdn.nba.com/headshots/nba/1610612756/2020/1040x760/101108.png,200,image/png,195119,4ec48324872e3117f043567d2da8c510,,False
101108,Chris Paul,2020-21,1610612756,cdn_team_year_1040,end,https://cdn.nba.com/headshots/nba/1610612756/2021/1040x760/101108.png,200,image/png,166502,7c55028159dee6b01be435b089cbc714,,False
101108,Chris Paul,2020-21,1610612756,cdn_team_year_260,start,https://cdn.nba.com/headshots/nba/1610612756/2020/260x190/101108.png,200,image/png,15236,72c44544594f10f19f34664af805a7a7,,False
101108,Chris Paul,2020-21,1610612756,cdn_team_year_260,end,https://cdn.nba.com/headshots/nba/1610612756/2021/260x190/101108.png,200,image/png,14504,be5a147b3af96913ea26b89072ad3b84,,False
101108,Chris Paul,2020-21,1610612756,cdn_year_1040,start,https://cdn.nba.com/headshots/nba/2020/1040x760/101108.png,403,application/xml,263,23c609ccae0f276c1c7589d87db6653c,,False
101108,Chris Paul,2020-21,1610612756,cdn_year_1040,end,https://cdn.nba.com/headshots/nba/2021/1040x760/101108.png,403,application/xml,263,4bd3e2668f152ac7256d799f6a3528f7,,False
101108,Chris Paul,2020-21,1610612756,akstatic_team_year_260,start,https://ak-static.cms.nba.com/wp-content/uploads/headshots/nba/1610612756/2020/260x190/101108.png,200,image/png,15236,72c44544594f10f19f34664af805a7a7,,False
101108,Chris Paul,2020-21,1610612756,akstatic_team_year_260,end,https://ak-static.cms.nba.com/wp-content/uploads/headshots/nba/1610612756/2021/260x190/101108.png,200,image/png,14504,be5a147b3af96913ea26b89072ad3b84,,False
101108,Chris Paul,2020-21,1610612756,akstatic_team_year_1040,start,https://ak-static.cms.nba.com/wp-content/uploads/headshots/nba/1610612756/2020/1040x760/101108.png,200,image/png,195119,4ec48324872e3117f043567d2da8c510,,False
101108,Chris Paul,2020-21,1610612756,akstatic_team_year_1040,end,https://ak-static.cms.nba.com/wp-content/uploads/headshots/nba/1610612756/2021/1040x760/101108.png,200,image/png,166502,7c55028159dee6b01be435b089cbc714,,False
101150,Lou Williams,2021-22,1610612737,latest_control,,https://cdn.nba.com/headshots/nba/latest/1040x760/101150.png,200,image/png,199955,d5903f874d2a948985519a9f999613b5,,True
101150,Lou Williams,2021-22,1610612737,cdn_team_year_1040,start,https://cdn.nba.com/headshots/nba/1610612737/2021/1040x760/101150.png,200,image/png,199955,d5903f874d2a948985519a9f999613b5,,True
101150,Lou Williams,2021-22,1610612737,cdn_team_year_1040,end,https://cdn.nba.com/headshots/nba/1610612737/2022/1040x760/101150.png,403,application/xml,263,555df646c787850d5b9192408d9a0346,,False
101150,Lou Williams,2021-22,1610612737,cdn_team_year_260,start,https://cdn.nba.com/headshots/nba/1610612737/2021/260x190/101150.png,200,image/png,16358,848bfebf5933aaacdb22f9d31040934f,,False
101150,Lou Williams,2021-22,1610612737,cdn_team_year_260,end,https://cdn.nba.com/headshots/nba/1610612737/2022/260x190/101150.png,403,application/xml,263,7d2f74cbe285bc448a451156f44aae39,,False
101150,Lou Williams,2021-22,1610612737,cdn_year_1040,start,https://cdn.nba.com/headshots/nba/2021/1040x760/101150.png,403,application/xml,263,05102bd4dcb40848e328915fafbade07,,False
101150,Lou Williams,2021-22,1610612737,cdn_year_1040,end,https://cdn.nba.com/headshots/nba/2022/1040x760/101150.png,403,application/xml,263,278ab9babd38214603403b6a47349614,,False
101150,Lou Williams,2021-22,1610612737,akstatic_team_year_260,start,https://ak-static.cms.nba.com/wp-content/uploads/headshots/nba/1610612737/2021/260x190/101150.png,200,image/png,16358,848bfebf5933aaacdb22f9d31040934f,,False
101150,Lou Williams,2021-22,1610612737,akstatic_team_year_260,end,https://ak-static.cms.nba.com/wp-content/uploads/headshots/nba/1610612737/2022/260x190/101150.png,403,application/xml,243,a2131ed355e466b5b8b5d10b498dd7d3,,False
101150,Lou Williams,2021-22,1610612737,akstatic_team_year_1040,start,https://ak-static.cms.nba.com/wp-content/uploads/headshots/nba/1610612737/2021/1040x760/101150.png,200,image/png,199955,d5903f874d2a948985519a9f999613b5,,True
101150,Lou Williams,2021-22,1610612737,akstatic_team_year_1040,end,https://ak-static.cms.nba.com/wp-content/uploads/headshots/nba/1610612737/2022/1040x760/101150.png,403,application/xml,243,8f3aed817e8d846aba5a26dd41fbf188,,False
200746,LaMarcus Aldridge,2021-22,1610612751,latest_control,,https://cdn.nba.com/headshots/nba/latest/1040x760/200746.png,200,image/png,216502,6806eeab758803c781decf7225522423,,True
200746,LaMarcus Aldridge,2021-22,1610612751,cdn_team_year_1040,start,https://cdn.nba.com/headshots/nba/1610612751/2021/1040x760/200746.png,200,image/png,216502,6806eeab758803c781decf7225522423,,True
200746,LaMarcus Aldridge,2021-22,1610612751,cdn_team_year_1040,end,https://cdn.nba.com/headshots/nba/1610612751/2022/1040x760/200746.png,403,application/xml,263,ac42c703cad2694953ee8c3417e19e43,,False
200746,LaMarcus Aldridge,2021-22,1610612751,cdn_team_year_260,start,https://cdn.nba.com/headshots/nba/1610612751/2021/260x190/200746.png,200,image/png,17341,59b282dcc9aad203be64ddeec8d17571,,False
200746,LaMarcus Aldridge,2021-22,1610612751,cdn_team_year_260,end,https://cdn.nba.com/headshots/nba/1610612751/2022/260x190/200746.png,403,application/xml,263,fcda675a1ba95ebb19ebf015ce647edd,,False
200746,LaMarcus Aldridge,2021-22,1610612751,cdn_year_1040,start,https://cdn.nba.com/headshots/nba/2021/1040x760/200746.png,403,application/xml,243,92d867fd6d652791b98155a054f06bfa,,False
200746,LaMarcus Aldridge,2021-22,1610612751,cdn_year_1040,end,https://cdn.nba.com/headshots/nba/2022/1040x760/200746.png,403,application/xml,243,0eb9ddd88fd3f333e682fad66eeff068,,False
200746,LaMarcus Aldridge,2021-22,1610612751,akstatic_team_year_260,start,https://ak-static.cms.nba.com/wp-content/uploads/headshots/nba/1610612751/2021/260x190/200746.png,200,image/png,17341,59b282dcc9aad203be64ddeec8d17571,,False
200746,LaMarcus Aldridge,2021-22,1610612751,akstatic_team_year_260,end,https://ak-static.cms.nba.com/wp-content/uploads/headshots/nba/1610612751/2022/260x190/200746.png,403,application/xml,243,69fceac5904012c89766a20a47cc13f3,,False
200746,LaMarcus Aldridge,2021-22,1610612751,akstatic_team_year_1040,start,https://ak-static.cms.nba.com/wp-content/uploads/headshots/nba/1610612751/2021/1040x760/200746.png,200,image/png,216502,6806eeab758803c781decf7225522423,,True
200746,LaMarcus Aldridge,2021-22,1610612751,akstatic_team_year_1040,end,https://ak-static.cms.nba.com/wp-content/uploads/headshots/nba/1610612751/2022/1040x760/200746.png,403,application/xml,263,1598df009261d33777b08c283fd2a7fa,,False
200752,Rudy Gay,2021-22,1610612762,latest_control,,https://cdn.nba.com/headshots/nba/latest/1040x760/200752.png,200,image/png,215339,0bef690514b1641e967a8b704c1e13bf,,True
200752,Rudy Gay,2021-22,1610612762,cdn_team_year_1040,start,https://cdn.nba.com/headshots/nba/1610612762/2021/1040x760/200752.png,200,image/png,206976,4fc9971f2321607c4b0049132d7ac253,,False
200752,Rudy Gay,2021-22,1610612762,cdn_team_year_1040,end,https://cdn.nba.com/headshots/nba/1610612762/2022/1040x760/200752.png,200,image/png,219895,67203f54020c44147b31b0e67943a167,,False
200752,Rudy Gay,2021-22,1610612762,cdn_team_year_260,start,https://cdn.nba.com/headshots/nba/1610612762/2021/260x190/200752.png,200,image/png,16281,7fd1bc689bc4b55d27b90491b9375437,,False
200752,Rudy Gay,2021-22,1610612762,cdn_team_year_260,end,https://cdn.nba.com/headshots/nba/1610612762/2022/260x190/200752.png,200,image/png,16725,324e48337c43d35c7ccce3db9f877f0d,,False
200752,Rudy Gay,2021-22,1610612762,cdn_year_1040,start,https://cdn.nba.com/headshots/nba/2021/1040x760/200752.png,403,application/xml,263,d3fcd4580441365fe1cc0f2507219722,,False
200752,Rudy Gay,2021-22,1610612762,cdn_year_1040,end,https://cdn.nba.com/headshots/nba/2022/1040x760/200752.png,403,application/xml,263,f96388908e9d3d97bb6ca635267398c2,,False
200752,Rudy Gay,2021-22,1610612762,akstatic_team_year_260,start,https://ak-static.cms.nba.com/wp-content/uploads/headshots/nba/1610612762/2021/260x190/200752.png,200,image/png,16281,7fd1bc689bc4b55d27b90491b9375437,,False
200752,Rudy Gay,2021-22,1610612762,akstatic_team_year_260,end,https://ak-static.cms.nba.com/wp-content/uploads/headshots/nba/1610612762/2022/260x190/200752.png,200,image/png,16725,324e48337c43d35c7ccce3db9f877f0d,,False
200752,Rudy Gay,2021-22,1610612762,akstatic_team_year_1040,start,https://ak-static.cms.nba.com/wp-content/uploads/headshots/nba/1610612762/2021/1040x760/200752.png,200,image/png,206976,4fc9971f2321607c4b0049132d7ac253,,False
200752,Rudy Gay,2021-22,1610612762,akstatic_team_year_1040,end,https://ak-static.cms.nba.com/wp-content/uploads/headshots/nba/1610612762/2022/1040x760/200752.png,200,image/png,219895,67203f54020c44147b31b0e67943a167,,False
200768,Kyle Lowry,2022-23,1610612748,latest_control,,https://cdn.nba.com/headshots/nba/latest/1040x760/200768.png,200,image/png,162648,4e12384f52028bcd5401a40cf94e8309,,True
200768,Kyle Lowry,2022-23,1610612748,cdn_team_year_1040,start,https://cdn.nba.com/headshots/nba/1610612748/2022/1040x760/200768.png,200,image/png,174470,09d829fa4b8ad90821c673853ab6ce85,,False
200768,Kyle Lowry,2022-23,1610612748,cdn_team_year_1040,end,https://cdn.nba.com/headshots/nba/1610612748/2023/1040x760/200768.png,200,image/png,171511,8bff059903f705f6022929c4f8b81106,,False
200768,Kyle Lowry,2022-23,1610612748,cdn_team_year_260,start,https://cdn.nba.com/headshots/nba/1610612748/2022/260x190/200768.png,200,image/png,15089,78e6097d587756d96712555bd7a20480,,False
200768,Kyle Lowry,2022-23,1610612748,cdn_team_year_260,end,https://cdn.nba.com/headshots/nba/1610612748/2023/260x190/200768.png,200,image/png,14272,dfbbb2a5660713317859bd8a8acd59a3,,False
200768,Kyle Lowry,2022-23,1610612748,cdn_year_1040,start,https://cdn.nba.com/headshots/nba/2022/1040x760/200768.png,403,application/xml,243,a7914bcb7b568b9efd9fc29bca653bb2,,False
200768,Kyle Lowry,2022-23,1610612748,cdn_year_1040,end,https://cdn.nba.com/headshots/nba/2023/1040x760/200768.png,403,application/xml,263,67b333a95ad1c9f805058573de007beb,,False
200768,Kyle Lowry,2022-23,1610612748,akstatic_team_year_260,start,https://ak-static.cms.nba.com/wp-content/uploads/headshots/nba/1610612748/2022/260x190/200768.png,200,image/png,15089,78e6097d587756d96712555bd7a20480,,False
200768,Kyle Lowry,2022-23,1610612748,akstatic_team_year_260,end,https://ak-static.cms.nba.com/wp-content/uploads/headshots/nba/1610612748/2023/260x190/200768.png,200,image/png,14272,dfbbb2a5660713317859bd8a8acd59a3,,False
200768,Kyle Lowry,2022-23,1610612748,akstatic_team_year_1040,start,https://ak-static.cms.nba.com/wp-content/uploads/headshots/nba/1610612748/2022/1040x760/200768.png,200,image/png,174470,09d829fa4b8ad90821c673853ab6ce85,,False
200768,Kyle Lowry,2022-23,1610612748,akstatic_team_year_1040,end,https://ak-static.cms.nba.com/wp-content/uploads/headshots/nba/1610612748/2023/1040x760/200768.png,200,image/png,171511,8bff059903f705f6022929c4f8b81106,,False
200782,P.J. Tucker,2022-23,1610612755,latest_control,,https://cdn.nba.com/headshots/nba/latest/1040x760/200782.png,200,image/png,227310,58a8a83b4a1324548ebcefc7c6776d09,,True
200782,P.J. Tucker,2022-23,1610612755,cdn_team_year_1040,start,https://cdn.nba.com/headshots/nba/1610612755/2022/1040x760/200782.png,200,image/png,196353,76ed48329a8e17aa753ead7b394034bf,,False
200782,P.J. Tucker,2022-23,1610612755,cdn_team_year_1040,end,https://cdn.nba.com/headshots/nba/1610612755/2023/1040x760/200782.png,200,image/png,246622,564f6a1759ba0ebbb3a0919ac4b61d81,,False
200782,P.J. Tucker,2022-23,1610612755,cdn_team_year_260,start,https://cdn.nba.com/headshots/nba/1610612755/2022/260x190/200782.png,200,image/png,15861,3c8b98b71f4ed4b1d8672059a95c3313,,False
200782,P.J. Tucker,2022-23,1610612755,cdn_team_year_260,end,https://cdn.nba.com/headshots/nba/1610612755/2023/260x190/200782.png,200,image/png,18736,a89a321ed512880ffbbc84adeafaaf8a,,False
200782,P.J. Tucker,2022-23,1610612755,cdn_year_1040,start,https://cdn.nba.com/headshots/nba/2022/1040x760/200782.png,403,application/xml,243,b7f6d8d4457c7d69f6bd8d884721894f,,False
200782,P.J. Tucker,2022-23,1610612755,cdn_year_1040,end,https://cdn.nba.com/headshots/nba/2023/1040x760/200782.png,403,application/xml,243,8384720705b3b5fed0e8126d62e72936,,False
200782,P.J. Tucker,2022-23,1610612755,akstatic_team_year_260,start,https://ak-static.cms.nba.com/wp-content/uploads/headshots/nba/1610612755/2022/260x190/200782.png,200,image/png,15861,3c8b98b71f4ed4b1d8672059a95c3313,,False
200782,P.J. Tucker,2022-23,1610612755,akstatic_team_year_260,end,https://ak-static.cms.nba.com/wp-content/uploads/headshots/nba/1610612755/2023/260x190/200782.png,200,image/png,18736,a89a321ed512880ffbbc84adeafaaf8a,,False
200782,P.J. Tucker,2022-23,1610612755,akstatic_team_year_1040,start,https://ak-static.cms.nba.com/wp-content/uploads/headshots/nba/1610612755/2022/1040x760/200782.png,200,image/png,196353,76ed48329a8e17aa753ead7b394034bf,,False
200782,P.J. Tucker,2022-23,1610612755,akstatic_team_year_1040,end,https://ak-static.cms.nba.com/wp-content/uploads/headshots/nba/1610612755/2023/1040x760/200782.png,200,image/png,246622,564f6a1759ba0ebbb3a0919ac4b61d81,,False
201142,Kevin Durant,2022-23,1610612756,latest_control,,https://cdn.nba.com/headshots/nba/latest/1040x760/201142.png,200,image/png,233851,153b7d3ae393a5143e67224e14255660,,True
201142,Kevin Durant,2022-23,1610612756,cdn_team_year_1040,start,https://cdn.nba.com/headshots/nba/1610612756/2022/1040x760/201142.png,200,image/png,188832,64a69e20304c8b4c3b0685cd1c31f4d0,,False
201142,Kevin Durant,2022-23,1610612756,cdn_team_year_1040,end,https://cdn.nba.com/headshots/nba/1610612756/2023/1040x760/201142.png,200,image/png,214405,1b4aa61a253e9d162110e332cec6cf2e,,False
201142,Kevin Durant,2022-23,1610612756,cdn_team_year_260,start,https://cdn.nba.com/headshots/nba/1610612756/2022/260x190/201142.png,200,image/png,15978,baba5324f13d6a5562c1c3c122d8e891,,False
201142,Kevin Durant,2022-23,1610612756,cdn_team_year_260,end,https://cdn.nba.com/headshots/nba/1610612756/2023/260x190/201142.png,200,image/png,15988,0f89614a0047a5fbb22cfb6175673f5b,,False
201142,Kevin Durant,2022-23,1610612756,cdn_year_1040,start,https://cdn.nba.com/headshots/nba/2022/1040x760/201142.png,403,application/xml,263,6f60683fee151f9be7e2de30177ad616,,False
201142,Kevin Durant,2022-23,1610612756,cdn_year_1040,end,https://cdn.nba.com/headshots/nba/2023/1040x760/201142.png,403,application/xml,263,a1ed1888a4b0715e5d4106bdccce0de4,,False
201142,Kevin Durant,2022-23,1610612756,akstatic_team_year_260,start,https://ak-static.cms.nba.com/wp-content/uploads/headshots/nba/1610612756/2022/260x190/201142.png,200,image/png,15978,baba5324f13d6a5562c1c3c122d8e891,,False
201142,Kevin Durant,2022-23,1610612756,akstatic_team_year_260,end,https://ak-static.cms.nba.com/wp-content/uploads/headshots/nba/1610612756/2023/260x190/201142.png,200,image/png,15988,0f89614a0047a5fbb22cfb6175673f5b,,False
201142,Kevin Durant,2022-23,1610612756,akstatic_team_year_1040,start,https://ak-static.cms.nba.com/wp-content/uploads/headshots/nba/1610612756/2022/1040x760/201142.png,200,image/png,188832,64a69e20304c8b4c3b0685cd1c31f4d0,,False
201142,Kevin Durant,2022-23,1610612756,akstatic_team_year_1040,end,https://ak-static.cms.nba.com/wp-content/uploads/headshots/nba/1610612756/2023/1040x760/201142.png,200,image/png,214405,1b4aa61a253e9d162110e332cec6cf2e,,False
201143,Al Horford,2023-24,1610612738,latest_control,,https://cdn.nba.com/headshots/nba/latest/1040x760/201143.png,200,image/png,222772,8cbed3e827e60e8f3322586e94d43d02,,True
201143,Al Horford,2023-24,1610612738,cdn_team_year_1040,start,https://cdn.nba.com/headshots/nba/1610612738/2023/1040x760/201143.png,200,image/png,214869,3e524998aeae1fa93a983d5173ca4efc,,False
201143,Al Horford,2023-24,1610612738,cdn_team_year_1040,end,https://cdn.nba.com/headshots/nba/1610612738/2024/1040x760/201143.png,200,image/png,212984,df8c88473627578c521c51f6a0c631c7,,False
201143,Al Horford,2023-24,1610612738,cdn_team_year_260,start,https://cdn.nba.com/headshots/nba/1610612738/2023/260x190/201143.png,200,image/png,17465,c9369a4b8f5118dcab780834fad82ac3,,False
201143,Al Horford,2023-24,1610612738,cdn_team_year_260,end,https://cdn.nba.com/headshots/nba/1610612738/2024/260x190/201143.png,200,image/png,16976,9609cf0699318ef345517906ec40bfc2,,False
201143,Al Horford,2023-24,1610612738,cdn_year_1040,start,https://cdn.nba.com/headshots/nba/2023/1040x760/201143.png,403,application/xml,263,147b05aecc9fd6e32adb6d75464600a4,,False
201143,Al Horford,2023-24,1610612738,cdn_year_1040,end,https://cdn.nba.com/headshots/nba/2024/1040x760/201143.png,403,application/xml,263,9f6690d9edc026f403514ca571a73624,,False
201143,Al Horford,2023-24,1610612738,akstatic_team_year_260,start,https://ak-static.cms.nba.com/wp-content/uploads/headshots/nba/1610612738/2023/260x190/201143.png,200,image/png,17465,c9369a4b8f5118dcab780834fad82ac3,,False
201143,Al Horford,2023-24,1610612738,akstatic_team_year_260,end,https://ak-static.cms.nba.com/wp-content/uploads/headshots/nba/1610612738/2024/260x190/201143.png,200,image/png,16976,9609cf0699318ef345517906ec40bfc2,,False
201143,Al Horford,2023-24,1610612738,akstatic_team_year_1040,start,https://ak-static.cms.nba.com/wp-content/uploads/headshots/nba/1610612738/2023/1040x760/201143.png,200,image/png,214869,3e524998aeae1fa93a983d5173ca4efc,,False
201143,Al Horford,2023-24,1610612738,akstatic_team_year_1040,end,https://ak-static.cms.nba.com/wp-content/uploads/headshots/nba/1610612738/2024/1040x760/201143.png,200,image/png,212984,df8c88473627578c521c51f6a0c631c7,,False
201144,Mike Conley,2023-24,1610612750,latest_control,,https://cdn.nba.com/headshots/nba/latest/1040x760/201144.png,200,image/png,205786,0528800ca5490f576b7f1c493ee8f949,,True
201144,Mike Conley,2023-24,1610612750,cdn_team_year_1040,start,https://cdn.nba.com/headshots/nba/1610612750/2023/1040x760/201144.png,200,image/png,186487,bc326b907620a5f58e278b4ab0003a13,,False
201144,Mike Conley,2023-24,1610612750,cdn_team_year_1040,end,https://cdn.nba.com/headshots/nba/1610612750/2024/1040x760/201144.png,200,image/png,202488,9aca6fcbdf42d695f023b3e1b476c2f5,,False
201144,Mike Conley,2023-24,1610612750,cdn_team_year_260,start,https://cdn.nba.com/headshots/nba/1610612750/2023/260x190/201144.png,200,image/png,16115,093723d4f3f9653bbcbdecd405207184,,False
201144,Mike Conley,2023-24,1610612750,cdn_team_year_260,end,https://cdn.nba.com/headshots/nba/1610612750/2024/260x190/201144.png,200,image/png,15708,a0d71fc37b72ef83ac12ee93b2244ba4,,False
201144,Mike Conley,2023-24,1610612750,cdn_year_1040,start,https://cdn.nba.com/headshots/nba/2023/1040x760/201144.png,403,application/xml,263,15503a72feff9d82cd960ce7ec53a42a,,False
201144,Mike Conley,2023-24,1610612750,cdn_year_1040,end,https://cdn.nba.com/headshots/nba/2024/1040x760/201144.png,403,application/xml,263,57fe1ba2899fa0d4ab33622794f2e719,,False
201144,Mike Conley,2023-24,1610612750,akstatic_team_year_260,start,https://ak-static.cms.nba.com/wp-content/uploads/headshots/nba/1610612750/2023/260x190/201144.png,200,image/png,16115,093723d4f3f9653bbcbdecd405207184,,False
201144,Mike Conley,2023-24,1610612750,akstatic_team_year_260,end,https://ak-static.cms.nba.com/wp-content/uploads/headshots/nba/1610612750/2024/260x190/201144.png,200,image/png,15708,a0d71fc37b72ef83ac12ee93b2244ba4,,False
201144,Mike Conley,2023-24,1610612750,akstatic_team_year_1040,start,https://ak-static.cms.nba.com/wp-content/uploads/headshots/nba/1610612750/2023/1040x760/201144.png,200,image/png,186487,bc326b907620a5f58e278b4ab0003a13,,False
201144,Mike Conley,2023-24,1610612750,akstatic_team_year_1040,end,https://ak-static.cms.nba.com/wp-content/uploads/headshots/nba/1610612750/2024/1040x760/201144.png,200,image/png,202488,9aca6fcbdf42d695f023b3e1b476c2f5,,False
201145,Jeff Green,2023-24,1610612745,latest_control,,https://cdn.nba.com/headshots/nba/latest/1040x760/201145.png,200,image/png,199470,7c1df2b6ba9270d40ca16adbcf9cd2ea,,True
201145,Jeff Green,2023-24,1610612745,cdn_team_year_1040,start,https://cdn.nba.com/headshots/nba/1610612745/2023/1040x760/201145.png,200,image/png,221093,7dd88d78b08215fad455d90fa56b09d7,,False
201145,Jeff Green,2023-24,1610612745,cdn_team_year_1040,end,https://cdn.nba.com/headshots/nba/1610612745/2024/1040x760/201145.png,200,image/png,176209,d316e3706232a5b161ba3cf283b82a98,,False
201145,Jeff Green,2023-24,1610612745,cdn_team_year_260,start,https://cdn.nba.com/headshots/nba/1610612745/2023/260x190/201145.png,200,image/png,16811,cd1524eae2b7ad1d5597c8a7f41eefff,,False
201145,Jeff Green,2023-24,1610612745,cdn_team_year_260,end,https://cdn.nba.com/headshots/nba/1610612745/2024/260x190/201145.png,200,image/png,15165,0063e4d8152ef53fa3a2a9f3ebd21b75,,False
201145,Jeff Green,2023-24,1610612745,cdn_year_1040,start,https://cdn.nba.com/headshots/nba/2023/1040x760/201145.png,403,application/xml,243,7447a85a0a66b30f5e36a29ff93d2724,,False
201145,Jeff Green,2023-24,1610612745,cdn_year_1040,end,https://cdn.nba.com/headshots/nba/2024/1040x760/201145.png,403,application/xml,263,921597858c62110f58ff149223486eb4,,False
201145,Jeff Green,2023-24,1610612745,akstatic_team_year_260,start,https://ak-static.cms.nba.com/wp-content/uploads/headshots/nba/1610612745/2023/260x190/201145.png,200,image/png,16811,cd1524eae2b7ad1d5597c8a7f41eefff,,False
201145,Jeff Green,2023-24,1610612745,akstatic_team_year_260,end,https://ak-static.cms.nba.com/wp-content/uploads/headshots/nba/1610612745/2024/260x190/201145.png,200,image/png,15165,0063e4d8152ef53fa3a2a9f3ebd21b75,,False
201145,Jeff Green,2023-24,1610612745,akstatic_team_year_1040,start,https://ak-static.cms.nba.com/wp-content/uploads/headshots/nba/1610612745/2023/1040x760/201145.png,200,image/png,221093,7dd88d78b08215fad455d90fa56b09d7,,False
201145,Jeff Green,2023-24,1610612745,akstatic_team_year_1040,end,https://ak-static.cms.nba.com/wp-content/uploads/headshots/nba/1610612745/2024/1040x760/201145.png,200,image/png,176209,d316e3706232a5b161ba3cf283b82a98,,False
