SEASON_ID,TEAM_ID,TEAM_ABBREVIATION,GAME_ID,GAME_DATE,MATCHUP,WL,PTS,PLUS_MINUS,SEASON,OPPONENT_ABBREV,IS_HOME,CELTICS_WON
22016,1610612738,BOS,0021600006,2016-10-26,BOS vs. BKN,W,122,5.0,2016-17,BKN,True,1
22016,1610612738,BOS,0021600015,2016-10-27,BOS @ CHI,L,99,-6.0,2016-17,CHI,False,0
22016,1610612738,BOS,0021600027,2016-10-29,BOS @ CHA,W,104,6.0,2016-17,CHA,False,1
22016,1610612738,BOS,0021600061,2016-11-02,BOS vs. CHI,W,107,7.0,2016-17,CHI,True,1
22016,1610612738,BOS,0021600068,2016-11-03,BOS @ CLE,L,122,-6.0,2016-17,CLE,False,0
22016,1610612738,BOS,0021600091,2016-11-06,BOS vs. DEN,L,107,-16.0,2016-17,DEN,True,0
22016,1610612738,BOS,0021600107,2016-11-09,BOS @ WAS,L,93,-25.0,2016-17,WAS,False,0
22016,1610612738,BOS,0021600125,2016-11-11,BOS vs. NYK,W,115,28.0,2016-17,NYK,True,1
22016,1610612738,BOS,0021600130,2016-11-12,BOS @ IND,W,105,6.0,2016-17,IND,False,1
22016,1610612738,BOS,0021600148,2016-11-14,BOS @ NOP,L,105,-1.0,2016-17,NOP,False,0
22016,1610612738,BOS,0021600161,2016-11-16,BOS vs. DAL,W,90,7.0,2016-17,DAL,True,1
22016,1610612738,BOS,0021600179,2016-11-18,BOS vs. GSW,L,88,-16.0,2016-17,GSW,True,0
22016,1610612738,BOS,0021600188,2016-11-19,BOS @ DET,W,94,2.0,2016-17,DET,False,1
22016,1610612738,BOS,0021600205,2016-11-21,BOS @ MIN,W,99,6.0,2016-17,MIN,False,1
22016,1610612738,BOS,0021600217,2016-11-23,BOS @ BKN,W,111,19.0,2016-17,BKN,False,1
22016,1610612738,BOS,0021600225,2016-11-25,BOS vs. SAS,L,103,-6.0,2016-17,SAS,True,0
22016,1610612738,BOS,0021600256,2016-11-28,BOS @ MIA,W,112,8.0,2016-17,MIA,False,1
22016,1610612738,BOS,0021600267,2016-11-30,BOS vs. DET,L,114,-7.0,2016-17,DET,True,0
22016,1610612738,BOS,0021600283,2016-12-02,BOS vs. SAC,W,97,5.0,2016-17,SAC,True,1
22016,1610612738,BOS,0021600294,2016-12-03,BOS @ PHI,W,107,1.0,2016-17,PHI,False,1
22016,1610612738,BOS,0021600311,2016-12-05,BOS @ HOU,L,106,-1.0,2016-17,HOU,False,0
22016,1610612738,BOS,0021600322,2016-12-07,BOS @ ORL,W,117,30.0,2016-17,ORL,False,1
22016,1610612738,BOS,0021600339,2016-12-09,BOS vs. TOR,L,94,-7.0,2016-17,TOR,True,0
22016,1610612738,BOS,0021600357,2016-12-11,BOS @ OKC,L,96,-3.0,2016-17,OKC,False,0
22016,1610612738,BOS,0021600383,2016-12-14,BOS @ SAS,L,101,-7.0,2016-17,SAS,False,0
22016,1610612738,BOS,0021600391,2016-12-16,BOS vs. CHA,W,96,8.0,2016-17,CHA,True,1
22016,1610612738,BOS,0021600410,2016-12-18,BOS @ MIA,W,105,10.0,2016-17,MIA,False,1
22016,1610612738,BOS,0021600424,2016-12-20,BOS @ MEM,W,112,3.0,2016-17,MEM,False,1
22016,1610612738,BOS,0021600440,2016-12-22,BOS @ IND,W,109,7.0,2016-17,IND,False,1
22016,1610612738,BOS,0021600445,2016-12-23,BOS vs. OKC,L,112,-5.0,2016-17,OKC,True,0
22016,1610612738,BOS,0021600456,2016-12-25,BOS @ NYK,W,119,5.0,2016-17,NYK,False,1
22016,1610612738,BOS,0021600472,2016-12-27,BOS vs. MEM,W,113,10.0,2016-17,MEM,True,1
22016,1610612738,BOS,0021600488,2016-12-29,BOS @ CLE,L,118,-6.0,2016-17,CLE,False,0
22016,1610612738,BOS,0021600494,2016-12-30,BOS vs. MIA,W,117,3.0,2016-17,MIA,True,1
22016,1610612738,BOS,0021600522,2017-01-03,BOS vs. UTA,W,115,11.0,2016-17,UTA,True,1
22016,1610612738,BOS,0021600546,2017-01-06,BOS vs. PHI,W,110,4.0,2016-17,PHI,True,1
22016,1610612738,BOS,0021600553,2017-01-07,BOS vs. NOP,W,117,9.0,2016-17,NOP,True,1
22016,1610612738,BOS,0021600572,2017-01-10,BOS @ TOR,L,106,-8.0,2016-17,TOR,False,0
22016,1610612738,BOS,0021600583,2017-01-11,BOS vs. WAS,W,117,9.0,2016-17,WAS,True,1
22016,1610612738,BOS,0021600597,2017-01-13,BOS @ ATL,W,103,2.0,2016-17,ATL,False,1
22016,1610612738,BOS,0021600618,2017-01-16,BOS vs. CHA,W,108,10.0,2016-17,CHA,True,1
22016,1610612738,BOS,0021600630,2017-01-18,BOS vs. NYK,L,106,-11.0,2016-17,NYK,True,0
22016,1610612738,BOS,0021600650,2017-01-21,BOS vs. POR,L,123,-4.0,2016-17,POR,True,0
22016,1610612738,BOS,0021600676,2017-01-24,BOS @ WAS,L,108,-15.0,2016-17,WAS,False,0
22016,1610612738,BOS,0021600681,2017-01-25,BOS vs. HOU,W,120,11.0,2016-17,HOU,True,1
22016,1610612738,BOS,0021600697,2017-01-27,BOS vs. ORL,W,128,30.0,2016-17,ORL,True,1
22016,1610612738,BOS,0021600706,2017-01-28,BOS @ MIL,W,112,4.0,2016-17,MIL,False,1
22016,1610612738,BOS,0021600721,2017-01-30,BOS vs. DET,W,113,4.0,2016-17,DET,True,1
22016,1610612738,BOS,0021600732,2017-02-01,BOS vs. TOR,W,109,5.0,2016-17,TOR,True,1
22016,1610612738,BOS,0021600751,2017-02-03,BOS vs. LAL,W,113,6.0,2016-17,LAL,True,1
22016,1610612738,BOS,0021600766,2017-02-05,BOS vs. LAC,W,107,5.0,2016-17,LAC,True,1
22016,1610612738,BOS,0021600793,2017-02-08,BOS @ SAC,L,92,-16.0,2016-17,SAC,False,0
22016,1610612738,BOS,0021600798,2017-02-09,BOS @ POR,W,120,9.0,2016-17,POR,False,1
22016,1610612738,BOS,0021600815,2017-02-11,BOS @ UTA,W,112,8.0,2016-17,UTA,False,1
22016,1610612738,BOS,0021600826,2017-02-13,BOS @ DAL,W,111,13.0,2016-17,DAL,False,1
22016,1610612738,BOS,0021600836,2017-02-15,BOS vs. PHI,W,116,8.0,2016-17,PHI,True,1
22016,1610612738,BOS,0021600849,2017-02-16,BOS @ CHI,L,103,-1.0,2016-17,CHI,False,0
22016,1610612738,BOS,0021600858,2017-02-24,BOS @ TOR,L,97,-10.0,2016-17,TOR,False,0
22016,1610612738,BOS,0021600879,2017-02-26,BOS @ DET,W,104,6.0,2016-17,DET,False,1
22016,1610612738,BOS,0021600885,2017-02-27,BOS vs. ATL,L,98,-16.0,2016-17,ATL,True,0
22016,1610612738,BOS,0021600901,2017-03-01,BOS vs. CLE,W,103,4.0,2016-17,CLE,True,1
22016,1610612738,BOS,0021600918,2017-03-03,BOS @ LAL,W,115,20.0,2016-17,LAL,False,1
22016,1610612738,BOS,0021600929,2017-03-05,BOS @ PHX,L,106,-3.0,2016-17,PHX,False,0
22016,1610612738,BOS,0021600945,2017-03-06,BOS @ LAC,L,102,-14.0,2016-17,LAC,False,0
22016,1610612738,BOS,0021600959,2017-03-08,BOS @ GSW,W,99,13.0,2016-17,GSW,False,1
22016,1610612738,BOS,0021600970,2017-03-10,BOS @ DEN,L,99,-20.0,2016-17,DEN,False,0
22016,1610612738,BOS,0021600985,2017-03-12,BOS vs. CHI,W,100,20.0,2016-17,CHI,True,1
22016,1610612738,BOS,0021601006,2017-03-15,BOS vs. MIN,W,117,13.0,2016-17,MIN,True,1
22016,1610612738,BOS,0021601022,2017-03-17,BOS @ BKN,W,98,3.0,2016-17,BKN,False,1
22016,1610612738,BOS,0021601037,2017-03-19,BOS @ PHI,L,99,-6.0,2016-17,PHI,False,0
22016,1610612738,BOS,0021601047,2017-03-20,BOS vs. WAS,W,110,8.0,2016-17,WAS,True,1
22016,1610612738,BOS,0021601060,2017-03-22,BOS vs. IND,W,109,9.0,2016-17,IND,True,1
22016,1610612738,BOS,0021601076,2017-03-24,BOS vs. PHX,W,130,10.0,2016-17,PHX,True,1
22016,1610612738,BOS,0021601093,2017-03-26,BOS vs. MIA,W,112,4.0,2016-17,MIA,True,1
22016,1610612738,BOS,0021601113,2017-03-29,BOS vs. MIL,L,100,-3.0,2016-17,MIL,True,0
22016,1610612738,BOS,0021601129,2017-03-31,BOS vs. ORL,W,117,1.0,2016-17,ORL,True,1
22016,1610612738,BOS,0021601145,2017-04-02,BOS @ NYK,W,110,16.0,2016-17,NYK,False,1
22016,1610612738,BOS,0021601169,2017-04-05,BOS vs. CLE,L,91,-23.0,2016-17,CLE,True,0
22016,1610612738,BOS,0021601177,2017-04-06,BOS @ ATL,L,116,-7.0,2016-17,ATL,False,0
22016,1610612738,BOS,0021601189,2017-04-08,BOS @ CHA,W,121,7.0,2016-17,CHA,False,1
22016,1610612738,BOS,0021601204,2017-04-10,BOS vs. BKN,W,114,9.0,2016-17,BKN,True,1
22016,1610612738,BOS,0021601219,2017-04-12,BOS vs. MIL,W,112,18.0,2016-17,MIL,True,1
22017,1610612738,BOS,0021700001,2017-10-17,BOS @ CLE,L,99,-3.0,2017-18,CLE,False,0
22017,1610612738,BOS,0021700007,2017-10-18,BOS vs. MIL,L,100,-8.0,2017-18,MIL,True,0
22017,1610612738,BOS,0021700019,2017-10-20,BOS @ PHI,W,102,10.0,2017-18,PHI,False,1
22017,1610612738,BOS,0021700051,2017-10-24,BOS vs. NYK,W,110,21.0,2017-18,NYK,True,1
22017,1610612738,BOS,0021700067,2017-10-26,BOS @ MIL,W,96,7.0,2017-18,MIL,False,1
22017,1610612738,BOS,0021700078,2017-10-28,BOS @ MIA,W,96,6.0,2017-18,MIA,False,1
22017,1610612738,BOS,0021700092,2017-10-30,BOS vs. SAS,W,108,14.0,2017-18,SAS,True,1
22017,1610612738,BOS,0021700109,2017-11-01,BOS vs. SAC,W,113,27.0,2017-18,SAC,True,1
22017,1610612738,BOS,0021700129,2017-11-03,BOS @ OKC,W,101,7.0,2017-18,OKC,False,1
22017,1610612738,BOS,0021700138,2017-11-05,BOS @ ORL,W,104,16.0,2017-18,ORL,False,1
22017,1610612738,BOS,0021700146,2017-11-06,BOS @ ATL,W,110,3.0,2017-18,ATL,False,1
22017,1610612738,BOS,0021700161,2017-11-08,BOS vs. LAL,W,107,11.0,2017-18,LAL,True,1
22017,1610612738,BOS,0021700170,2017-11-10,BOS vs. CHA,W,90,3.0,2017-18,CHA,True,1
22017,1610612738,BOS,0021700188,2017-11-12,BOS vs. TOR,W,95,1.0,2017-18,TOR,True,1
22017,1610612738,BOS,0021700201,2017-11-14,BOS @ BKN,W,109,7.0,2017-18,BKN,False,1
22017,1610612738,BOS,0021700215,2017-11-16,BOS vs. GSW,W,92,4.0,2017-18,GSW,True,1
22017,1610612738,BOS,0021700230,2017-11-18,BOS @ ATL,W,110,11.0,2017-18,ATL,False,1
22017,1610612738,BOS,0021700249,2017-11-20,BOS @ DAL,W,110,8.0,2017-18,DAL,False,1
22017,1610612738,BOS,0021700257,2017-11-22,BOS @ MIA,L,98,-6.0,2017-18,MIA,False,0
22017,1610612738,BOS,0021700269,2017-11-24,BOS vs. ORL,W,118,15.0,2017-18,ORL,True,1
22017,1610612738,BOS,0021700281,2017-11-25,BOS @ IND,W,108,10.0,2017-18,IND,False,1
22017,1610612738,BOS,0021700292,2017-11-27,BOS vs. DET,L,108,-10.0,2017-18,DET,True,0
22017,1610612738,BOS,0021700314,2017-11-30,BOS vs. PHI,W,108,11.0,2017-18,PHI,True,1
22017,1610612738,BOS,0021700326,2017-12-02,BOS vs. PHX,W,116,5.0,2017-18,PHX,True,1
22017,1610612738,BOS,0021700343,2017-12-04,BOS vs. MIL,W,111,11.0,2017-18,MIL,True,1
22017,1610612738,BOS,0021700356,2017-12-06,BOS vs. DAL,W,97,7.0,2017-18,DAL,True,1
22017,1610612738,BOS,0021700374,2017-12-08,BOS @ SAS,L,102,-3.0,2017-18,SAS,False,0
22017,1610612738,BOS,0021700386,2017-12-10,BOS @ DET,W,91,10.0,2017-18,DET,False,1
22017,1610612738,BOS,0021700391,2017-12-11,BOS @ CHI,L,85,-23.0,2017-18,CHI,False,0
22017,1610612738,BOS,0021700407,2017-12-13,BOS vs. DEN,W,124,6.0,2017-18,DEN,True,1
22017,1610612738,BOS,0021700423,2017-12-15,BOS vs. UTA,L,95,-12.0,2017-18,UTA,True,0
22017,1610612738,BOS,0021700436,2017-12-16,BOS @ MEM,W,102,9.0,2017-18,MEM,False,1
22017,1610612738,BOS,0021700442,2017-12-18,BOS @ IND,W,112,1.0,2017-18,IND,False,1
22017,1610612738,BOS,0021700456,2017-12-20,BOS vs. MIA,L,89,-1.0,2017-18,MIA,True,0
22017,1610612738,BOS,0021700468,2017-12-21,BOS @ NYK,L,93,-8.8,2017-18,NYK,False,0
22017,1610612738,BOS,0021700485,2017-12-23,BOS vs. CHI,W,117,25.0,2017-18,CHI,True,1
22017,1610612738,BOS,0021700495,2017-12-25,BOS vs. WAS,L,103,-8.0,2017-18,WAS,True,0
22017,1610612738,BOS,0021700506,2017-12-27,BOS @ CHA,W,102,11.0,2017-18,CHA,False,1
22017,1610612738,BOS,0021700517,2017-12-28,BOS vs. HOU,W,99,1.0,2017-18,HOU,True,1
22017,1610612738,BOS,0021700539,2017-12-31,BOS vs. BKN,W,108,3.0,2017-18,BKN,True,1
22017,1610612738,BOS,0021700559,2018-01-03,BOS vs. CLE,W,102,14.0,2017-18,CLE,True,1
22017,1610612738,BOS,0021700570,2018-01-05,BOS vs. MIN,W,91,7.0,2017-18,MIN,True,1
22017,1610612738,BOS,0021700579,2018-01-06,BOS @ BKN,W,87,2.0,2017-18,BKN,False,1
22017,1610612738,BOS,0021700614,2018-01-11,BOS @ PHI,W,114,11.0,2017-18,PHI,False,1
22017,1610612738,BOS,0021700650,2018-01-16,BOS vs. NOP,L,113,-3.0,2017-18,NOP,True,0
22017,1610612738,BOS,0021700663,2018-01-18,BOS vs. PHI,L,80,-9.0,2017-18,PHI,True,0
22017,1610612738,BOS,0021700683,2018-01-21,BOS vs. ORL,L,95,-8.0,2017-18,ORL,True,0
22017,1610612738,BOS,0021700700,2018-01-23,BOS @ LAL,L,107,-1.0,2017-18,LAL,False,0
22017,1610612738,BOS,0021700709,2018-01-24,BOS @ LAC,W,113,11.0,2017-18,LAC,False,1
22017,1610612738,BOS,0021700728,2018-01-27,BOS @ GSW,L,105,-4.0,2017-18,GSW,False,0
22017,1610612738,BOS,0021700743,2018-01-29,BOS @ DEN,W,111,-2.6,2017-18,DEN,False,1
22017,1610612738,BOS,0021700758,2018-01-31,BOS vs. NYK,W,103,30.0,2017-18,NYK,True,1
22017,1610612738,BOS,0021700767,2018-02-02,BOS vs. ATL,W,119,9.0,2017-18,ATL,True,1
22017,1610612738,BOS,0021700784,2018-02-04,BOS vs. POR,W,97,1.2,2017-18,POR,True,1
22017,1610612738,BOS,0021700798,2018-02-06,BOS @ TOR,L,91,-20.0,2017-18,TOR,False,0
22017,1610612738,BOS,0021700813,2018-02-08,BOS @ WAS,W,110,6.0,2017-18,WAS,False,1
22017,1610612738,BOS,0021700820,2018-02-09,BOS vs. IND,L,91,-6.0,2017-18,IND,True,0
22017,1610612738,BOS,0021700835,2018-02-11,BOS vs. CLE,L,99,-22.0,2017-18,CLE,True,0
22017,1610612738,BOS,0021700858,2018-02-14,BOS vs. LAC,L,119,-10.0,2017-18,LAC,True,0
22017,1610612738,BOS,0021700873,2018-02-23,BOS @ DET,W,110,12.0,2017-18,DET,False,1
22017,1610612738,BOS,0021700886,2018-02-24,BOS @ NYK,W,121,9.0,2017-18,NYK,False,1
22017,1610612738,BOS,0021700898,2018-02-26,BOS vs. MEM,W,109,11.0,2017-18,MEM,True,1
22017,1610612738,BOS,0021700916,2018-02-28,BOS vs. CHA,W,134,28.0,2017-18,CHA,True,1
22017,1610612738,BOS,0021700939,2018-03-03,BOS @ HOU,L,120,-2.6,2017-18,HOU,False,0
22017,1610612738,BOS,0021700953,2018-03-05,BOS @ CHI,W,105,16.0,2017-18,CHI,False,1
22017,1610612738,BOS,0021700974,2018-03-08,BOS @ MIN,W,117,8.0,2017-18,MIN,False,1
22017,1610612738,BOS,0021700998,2018-03-11,BOS vs. IND,L,97,-2.0,2017-18,IND,True,0
22017,1610612738,BOS,0021701017,2018-03-14,BOS vs. WAS,L,124,-1.0,2017-18,WAS,True,0
22017,1610612738,BOS,0021701029,2018-03-16,BOS @ ORL,W,92,9.0,2017-18,ORL,False,1
22017,1610612738,BOS,0021701047,2018-03-18,BOS @ NOP,L,89,-19.0,2017-18,NOP,False,0
22017,1610612738,BOS,0021701059,2018-03-20,BOS vs. OKC,W,100,1.0,2017-18,OKC,True,1
22017,1610612738,BOS,0021701086,2018-03-23,BOS @ POR,W,105,5.0,2017-18,POR,False,1
22017,1610612738,BOS,0021701099,2018-03-25,BOS @ SAC,W,104,11.0,2017-18,SAC,False,1
22017,1610612738,BOS,0021701107,2018-03-26,BOS @ PHX,W,102,8.0,2017-18,PHX,False,1
22017,1610612738,BOS,0021701121,2018-03-28,BOS @ UTA,W,97,3.0,2017-18,UTA,False,1
22017,1610612738,BOS,0021701140,2018-03-31,BOS vs. TOR,W,110,11.0,2017-18,TOR,True,1
22017,1610612738,BOS,0021701162,2018-04-03,BOS @ MIL,L,102,-4.0,2017-18,MIL,False,0
22017,1610612738,BOS,0021701171,2018-04-04,BOS @ TOR,L,78,-18.0,2017-18,TOR,False,0
22017,1610612738,BOS,0021701185,2018-04-06,BOS vs. CHI,W,111,7.0,2017-18,CHI,True,1
22017,1610612738,BOS,0021701202,2018-04-08,BOS vs. ATL,L,106,-6.0,2017-18,ATL,True,0
22017,1610612738,BOS,0021701215,2018-04-10,BOS @ WAS,L,101,-12.0,2017-18,WAS,False,0
22017,1610612738,BOS,0021701219,2018-04-11,BOS vs. BKN,W,110,13.0,2017-18,BKN,True,1
22018,1610612738,BOS,0021800001,2018-10-16,BOS vs. PHI,W,105,18.0,2018-19,PHI,True,1
22018,1610612738,BOS,0021800019,2018-10-19,BOS @ TOR,L,101,-12.0,2018-19,TOR,False,0
22018,1610612738,BOS,0021800028,2018-10-20,BOS @ NYK,W,103,2.0,2018-19,NYK,False,1
22018,1610612738,BOS,0021800040,2018-10-22,BOS vs. ORL,L,90,-3.0,2018-19,ORL,True,0
22018,1610612738,BOS,0021800065,2018-10-25,BOS @ OKC,W,101,6.0,2018-19,OKC,False,1
22018,1610612738,BOS,0021800074,2018-10-27,BOS @ DET,W,109,20.0,2018-19,DET,False,1
22018,1610612738,BOS,0021800099,2018-10-30,BOS vs. DET,W,108,3.0,2018-19,DET,True,1
22018,1610612738,BOS,0021800115,2018-11-01,BOS vs. MIL,W,117,4.0,2018-19,MIL,True,1
22018,1610612738,BOS,0021800127,2018-11-03,BOS @ IND,L,101,-1.0,2018-19,IND,False,0
22018,1610612738,BOS,0021800145,2018-11-05,BOS @ DEN,L,107,-8.0,2018-19,DEN,False,0
22018,1610612738,BOS,0021800164,2018-11-08,BOS @ PHX,W,116,7.0,2018-19,PHX,False,1
22018,1610612738,BOS,0021800172,2018-11-09,BOS @ UTA,L,115,-8.0,2018-19,UTA,False,0
22018,1610612738,BOS,0021800188,2018-11-11,BOS @ POR,L,94,-6.0,2018-19,POR,False,0
22018,1610612738,BOS,0021800204,2018-11-14,BOS vs. CHI,W,111,29.0,2018-19,CHI,True,1
22018,1610612738,BOS,0021800216,2018-11-16,BOS vs. TOR,W,123,7.0,2018-19,TOR,True,1
22018,1610612738,BOS,0021800229,2018-11-17,BOS vs. UTA,L,86,-12.0,2018-19,UTA,True,0
22018,1610612738,BOS,0021800239,2018-11-19,BOS @ CHA,L,112,-5.0,2018-19,CHA,False,0
22018,1610612738,BOS,0021800255,2018-11-21,BOS vs. NYK,L,109,-8.0,2018-19,NYK,True,0
22018,1610612738,BOS,0021800268,2018-11-23,BOS @ ATL,W,114,18.0,2018-19,ATL,False,1
22018,1610612738,BOS,0021800283,2018-11-24,BOS @ DAL,L,104,-9.0,2018-19,DAL,False,0
22018,1610612738,BOS,0021800298,2018-11-26,BOS @ NOP,W,124,17.0,2018-19,NOP,False,1
22018,1610612738,BOS,0021800319,2018-11-30,BOS vs. CLE,W,128,33.0,2018-19,CLE,True,1
22018,1610612738,BOS,0021800335,2018-12-01,BOS @ MIN,W,118,9.0,2018-19,MIN,False,1
22018,1610612738,BOS,0021800365,2018-12-06,BOS vs. NYK,W,128,28.0,2018-19,NYK,True,1
22018,1610612738,BOS,0021800383,2018-12-08,BOS @ CHI,W,133,56.0,2018-19,CHI,False,1
22018,1610612738,BOS,0021800393,2018-12-10,BOS vs. NOP,W,113,13.0,2018-19,NOP,True,1
22018,1610612738,BOS,0021800409,2018-12-12,BOS @ WAS,W,130,1.0,2018-19,WAS,False,1
22018,1610612738,BOS,0021800420,2018-12-14,BOS vs. ATL,W,129,21.0,2018-19,ATL,True,1
22018,1610612738,BOS,0021800431,2018-12-15,BOS @ DET,L,104,-9.0,2018-19,DET,False,0
22018,1610612738,BOS,0021800458,2018-12-19,BOS vs. PHX,L,103,-4.0,2018-19,PHX,True,0
22018,1610612738,BOS,0021800473,2018-12-21,BOS vs. MIL,L,107,-13.0,2018-19,MIL,True,0
22018,1610612738,BOS,0021800488,2018-12-23,BOS vs. CHA,W,119,16.0,2018-19,CHA,True,1
22018,1610612738,BOS,0021800499,2018-12-25,BOS vs. PHI,W,121,7.0,2018-19,PHI,True,1
22018,1610612738,BOS,0021800512,2018-12-27,BOS @ HOU,L,113,-14.0,2018-19,HOU,False,0
22018,1610612738,BOS,0021800531,2018-12-29,BOS @ MEM,W,112,9.0,2018-19,MEM,False,1
22018,1610612738,BOS,0021800545,2018-12-31,BOS @ SAS,L,111,-9.0,2018-19,SAS,False,0
22018,1610612738,BOS,0021800558,2019-01-02,BOS vs. MIN,W,115,13.0,2018-19,MIN,True,1
22018,1610612738,BOS,0021800566,2019-01-04,BOS vs. DAL,W,114,21.0,2018-19,DAL,True,1
22018,1610612738,BOS,0021800592,2019-01-07,BOS vs. BKN,W,116,21.0,2018-19,BKN,True,1
22018,1610612738,BOS,0021800607,2019-01-09,BOS vs. IND,W,135,27.0,2018-19,IND,True,1
22018,1610612738,BOS,0021800617,2019-01-10,BOS @ MIA,L,99,-16.0,2018-19,MIA,False,0
22018,1610612738,BOS,0021800632,2019-01-12,BOS @ ORL,L,103,-2.0,2018-19,ORL,False,0
22018,1610612738,BOS,0021800645,2019-01-14,BOS @ BKN,L,102,-7.0,2018-19,BKN,False,0
22018,1610612738,BOS,0021800658,2019-01-16,BOS vs. TOR,W,117,9.0,2018-19,TOR,True,1
22018,1610612738,BOS,0021800671,2019-01-18,BOS vs. MEM,W,122,6.0,2018-19,MEM,True,1
22018,1610612738,BOS,0021800683,2019-01-19,BOS @ ATL,W,113,8.0,2018-19,ATL,False,1
22018,1610612738,BOS,0021800698,2019-01-21,BOS vs. MIA,W,107,8.0,2018-19,MIA,True,1
22018,1610612738,BOS,0021800707,2019-01-23,BOS vs. CLE,W,123,20.0,2018-19,CLE,True,1
22018,1610612738,BOS,0021800732,2019-01-26,BOS vs. GSW,L,111,-4.0,2018-19,GSW,True,0
22018,1610612738,BOS,0021800746,2019-01-28,BOS vs. BKN,W,112,8.0,2018-19,BKN,True,1
22018,1610612738,BOS,0021800756,2019-01-30,BOS vs. CHA,W,126,32.0,2018-19,CHA,True,1
22018,1610612738,BOS,0021800771,2019-02-01,BOS @ NYK,W,113,14.0,2018-19,NYK,False,1
22018,1610612738,BOS,0021800788,2019-02-03,BOS vs. OKC,W,134,5.0,2018-19,OKC,True,1
22018,1610612738,BOS,0021800797,2019-02-05,BOS @ CLE,W,103,7.0,2018-19,CLE,False,1
22018,1610612738,BOS,0021800814,2019-02-07,BOS vs. LAL,L,128,-1.0,2018-19,LAL,True,0
22018,1610612738,BOS,0021800829,2019-02-09,BOS vs. LAC,L,112,-11.0,2018-19,LAC,True,0
22018,1610612738,BOS,0021800849,2019-02-12,BOS @ PHI,W,112,3.0,2018-19,PHI,False,1
22018,1610612738,BOS,0021800855,2019-02-13,BOS vs. DET,W,118,8.0,2018-19,DET,True,1
22018,1610612738,BOS,0021800870,2019-02-21,BOS @ MIL,L,97,-1.0,2018-19,MIL,False,0
22018,1610612738,BOS,0021800889,2019-02-23,BOS @ CHI,L,116,-10.0,2018-19,CHI,False,0
22018,1610612738,BOS,0021800909,2019-02-26,BOS @ TOR,L,95,-23.0,2018-19,TOR,False,0
22018,1610612738,BOS,0021800913,2019-02-27,BOS vs. POR,L,92,-5.0,2018-19,POR,True,0
22018,1610612738,BOS,0021800931,2019-03-01,BOS vs. WAS,W,107,11.0,2018-19,WAS,True,1
22018,1610612738,BOS,0021800945,2019-03-03,BOS vs. HOU,L,104,-11.0,2018-19,HOU,True,0
22018,1610612738,BOS,0021800964,2019-03-05,BOS @ GSW,W,128,33.0,2018-19,GSW,False,1
22018,1610612738,BOS,0021800973,2019-03-06,BOS @ SAC,W,111,2.0,2018-19,SAC,False,1
22018,1610612738,BOS,0021800989,2019-03-09,BOS @ LAL,W,120,13.0,2018-19,LAL,False,1
22018,1610612738,BOS,0021801006,2019-03-11,BOS @ LAC,L,115,-25.0,2018-19,LAC,False,0
22018,1610612738,BOS,0021801022,2019-03-14,BOS vs. SAC,W,126,6.0,2018-19,SAC,True,1
22018,1610612738,BOS,0021801034,2019-03-16,BOS vs. ATL,W,129,9.0,2018-19,ATL,True,1
22018,1610612738,BOS,0021801052,2019-03-18,BOS vs. DEN,L,105,-9.0,2018-19,DEN,True,0
22018,1610612738,BOS,0021801067,2019-03-20,BOS @ PHI,L,115,-3.0,2018-19,PHI,False,0
22018,1610612738,BOS,0021801087,2019-03-23,BOS @ CHA,L,117,-7.0,2018-19,CHA,False,0
22018,1610612738,BOS,0021801100,2019-03-24,BOS vs. SAS,L,96,-19.0,2018-19,SAS,True,0
22018,1610612738,BOS,0021801108,2019-03-26,BOS @ CLE,W,116,10.0,2018-19,CLE,False,1
22018,1610612738,BOS,0021801130,2019-03-29,BOS vs. IND,W,114,2.0,2018-19,IND,True,1
22018,1610612738,BOS,0021801137,2019-03-30,BOS @ BKN,L,96,-14.0,2018-19,BKN,False,0
22018,1610612738,BOS,0021801153,2019-04-01,BOS vs. MIA,W,110,5.0,2018-19,MIA,True,1
22018,1610612738,BOS,0021801170,2019-04-03,BOS @ MIA,W,112,10.0,2018-19,MIA,False,1
22018,1610612738,BOS,0021801183,2019-04-05,BOS @ IND,W,117,20.0,2018-19,IND,False,1
22018,1610612738,BOS,0021801203,2019-04-07,BOS vs. ORL,L,108,-8.0,2018-19,ORL,True,0
22018,1610612738,BOS,0021801211,2019-04-09,BOS @ WAS,W,116,6.0,2018-19,WAS,False,1
22019,1610612738,BOS,0021900008,2019-10-23,BOS @ PHI,L,93,-14.0,2019-20,PHI,False,0
22019,1610612738,BOS,0021900017,2019-10-25,BOS vs. TOR,W,112,6.0,2019-20,TOR,True,1
22019,1610612738,BOS,0021900029,2019-10-26,BOS @ NYK,W,118,23.0,2019-20,NYK,False,1
22019,1610612738,BOS,0021900058,2019-10-30,BOS vs. MIL,W,116,11.0,2019-20,MIL,True,1
22019,1610612738,BOS,0021900072,2019-11-01,BOS vs. NYK,W,104,2.0,2019-20,NYK,True,1
22019,1610612738,BOS,0021900098,2019-11-05,BOS @ CLE,W,119,6.0,2019-20,CLE,False,1
22019,1610612738,BOS,0021900112,2019-11-07,BOS @ CHA,W,108,21.0,2019-20,CHA,False,1
22019,1610612738,BOS,0021900127,2019-11-09,BOS @ SAS,W,135,20.0,2019-20,SAS,False,1
22019,1610612738,BOS,0021900141,2019-11-11,BOS vs. DAL,W,116,10.0,2019-20,DAL,True,1
22019,1610612738,BOS,0021900156,2019-11-13,BOS vs. WAS,W,140,7.0,2019-20,WAS,True,1
22019,1610612738,BOS,0021900173,2019-11-15,BOS @ GSW,W,105,5.0,2019-20,GSW,False,1
22019,1610612738,BOS,0021900184,2019-11-17,BOS @ SAC,L,99,-1.0,2019-20,SAC,False,0
22019,1610612738,BOS,0021900195,2019-11-18,BOS @ PHX,W,99,14.0,2019-20,PHX,False,1
22019,1610612738,BOS,0021900212,2019-11-20,BOS @ LAC,L,104,-3.0,2019-20,LAC,False,0
22019,1610612738,BOS,0021900222,2019-11-22,BOS @ DEN,L,92,-4.0,2019-20,DEN,False,0
22019,1610612738,BOS,0021900244,2019-11-25,BOS vs. SAC,W,103,1.0,2019-20,SAC,True,1
22019,1610612738,BOS,0021900253,2019-11-27,BOS vs. BKN,W,121,11.0,2019-20,BKN,True,1
22019,1610612738,BOS,0021900267,2019-11-29,BOS @ BKN,L,107,-5.0,2019-20,BKN,False,0
22019,1610612738,BOS,0021900285,2019-12-01,BOS @ NYK,W,113,9.0,2019-20,NYK,False,1
22019,1610612738,BOS,0021900310,2019-12-04,BOS vs. MIA,W,112,19.0,2019-20,MIA,True,1
22019,1610612738,BOS,0021900323,2019-12-06,BOS vs. DEN,W,108,13.0,2019-20,DEN,True,1
22019,1610612738,BOS,0021900344,2019-12-09,BOS vs. CLE,W,110,22.0,2019-20,CLE,True,1
22019,1610612738,BOS,0021900357,2019-12-11,BOS @ IND,L,117,-5.0,2019-20,IND,False,0
22019,1610612738,BOS,0021900367,2019-12-12,BOS vs. PHI,L,109,-6.0,2019-20,PHI,True,0
22019,1610612738,BOS,0021900413,2019-12-18,BOS @ DAL,W,109,6.0,2019-20,DAL,False,1
22019,1610612738,BOS,0021900422,2019-12-20,BOS vs. DET,W,114,21.0,2019-20,DET,True,1
22019,1610612738,BOS,0021900440,2019-12-22,BOS vs. CHA,W,119,26.0,2019-20,CHA,True,1
22019,1610612738,BOS,0021900455,2019-12-25,BOS @ TOR,W,118,16.0,2019-20,TOR,False,1
22019,1610612738,BOS,0021900466,2019-12-27,BOS vs. CLE,W,129,12.0,2019-20,CLE,True,1
22019,1610612738,BOS,0021900473,2019-12-28,BOS vs. TOR,L,97,-16.0,2019-20,TOR,True,0
22019,1610612738,BOS,0021900497,2019-12-31,BOS @ CHA,W,109,17.0,2019-20,CHA,False,1
22019,1610612738,BOS,0021900517,2020-01-03,BOS vs. ATL,W,109,3.0,2019-20,ATL,True,1
22019,1610612738,BOS,0021900529,2020-01-04,BOS @ CHI,W,111,7.0,2019-20,CHI,False,1
22019,1610612738,BOS,0021900542,2020-01-06,BOS @ WAS,L,94,-5.0,2019-20,WAS,False,0
22019,1610612738,BOS,0021900554,2020-01-08,BOS vs. SAS,L,114,-15.0,2019-20,SAS,True,0
22019,1610612738,BOS,0021900564,2020-01-09,BOS @ PHI,L,98,-11.0,2019-20,PHI,False,0
22019,1610612738,BOS,0021900578,2020-01-11,BOS vs. NOP,W,140,35.0,2019-20,NOP,True,1
22019,1610612738,BOS,0021900593,2020-01-13,BOS vs. CHI,W,113,12.0,2019-20,CHI,True,1
22019,1610612738,BOS,0021900604,2020-01-15,BOS vs. DET,L,103,-13.0,2019-20,DET,True,0
22019,1610612738,BOS,0021900615,2020-01-16,BOS @ MIL,L,123,-5.0,2019-20,MIL,False,0
22019,1610612738,BOS,0021900628,2020-01-18,BOS vs. PHX,L,119,-4.0,2019-20,PHX,True,0
22019,1610612738,BOS,0021900648,2020-01-20,BOS vs. LAL,W,139,32.0,2019-20,LAL,True,1
22019,1610612738,BOS,0021900657,2020-01-22,BOS vs. MEM,W,119,24.0,2019-20,MEM,True,1
22019,1610612738,BOS,0021900671,2020-01-24,BOS @ ORL,W,109,11.0,2019-20,ORL,False,1
22019,1610612738,BOS,0021900691,2020-01-26,BOS @ NOP,L,108,-15.0,2019-20,NOP,False,0
22019,1610612738,BOS,0021900701,2020-01-28,BOS @ MIA,W,109,8.0,2019-20,MIA,False,1
22019,1610612738,BOS,0021900717,2020-01-30,BOS vs. GSW,W,119,15.0,2019-20,GSW,True,1
22019,1610612738,BOS,0021900732,2020-02-01,BOS vs. PHI,W,116,21.0,2019-20,PHI,True,1
22019,1610612738,BOS,0021900745,2020-02-03,BOS @ ATL,W,123,8.0,2019-20,ATL,False,1
22019,1610612738,BOS,0021900756,2020-02-05,BOS vs. ORL,W,116,16.0,2019-20,ORL,True,1
22019,1610612738,BOS,0021900771,2020-02-07,BOS vs. ATL,W,112,5.0,2019-20,ATL,True,1
22019,1610612738,BOS,0021900786,2020-02-09,BOS @ OKC,W,112,1.0,2019-20,OKC,False,1
22019,1610612738,BOS,0021900806,2020-02-11,BOS @ HOU,L,105,-11.0,2019-20,HOU,False,0
22019,1610612738,BOS,0021900818,2020-02-13,BOS vs. LAC,W,141,8.0,2019-20,LAC,True,1
22019,1610612738,BOS,0021900830,2020-02-21,BOS @ MIN,W,127,10.0,2019-20,MIN,False,1
22019,1610612738,BOS,0021900842,2020-02-23,BOS @ LAL,L,112,-2.0,2019-20,LAL,False,0
22019,1610612738,BOS,0021900862,2020-02-25,BOS @ POR,W,118,12.0,2019-20,POR,False,1
22019,1610612738,BOS,0021900872,2020-02-26,BOS @ UTA,W,114,11.0,2019-20,UTA,False,1
22019,1610612738,BOS,0021900892,2020-02-29,BOS vs. HOU,L,110,-1.0,2019-20,HOU,True,0
22019,1610612738,BOS,0021900910,2020-03-03,BOS vs. BKN,L,120,-9.0,2019-20,BKN,True,0
22019,1610612738,BOS,0021900917,2020-03-04,BOS @ CLE,W,112,6.0,2019-20,CLE,False,1
22019,1610612738,BOS,0021900933,2020-03-06,BOS vs. UTA,L,94,-5.0,2019-20,UTA,True,0
22019,1610612738,BOS,0021900949,2020-03-08,BOS vs. OKC,L,104,-1.0,2019-20,OKC,True,0
22019,1610612738,BOS,0021900960,2020-03-10,BOS @ IND,W,114,3.0,2019-20,IND,False,1
22019,1610612738,BOS,0021901236,2020-07-31,BOS @ MIL,L,112,-7.0,2019-20,MIL,False,0
22019,1610612738,BOS,0021901245,2020-08-02,BOS vs. POR,W,128,4.0,2019-20,POR,True,1
22019,1610612738,BOS,0021901260,2020-08-04,BOS @ MIA,L,106,-6.0,2019-20,MIA,False,0
22019,1610612738,BOS,0021901267,2020-08-05,BOS vs. BKN,W,149,34.0,2019-20,BKN,True,1
22019,1610612738,BOS,0021901279,2020-08-07,BOS @ TOR,W,122,22.0,2019-20,TOR,False,1
22019,1610612738,BOS,0021901288,2020-08-09,BOS vs. ORL,W,122,3.0,2019-20,ORL,True,1
22019,1610612738,BOS,0021901301,2020-08-11,BOS @ MEM,W,122,15.0,2019-20,MEM,False,1
22019,1610612738,BOS,0021901308,2020-08-13,BOS vs. WAS,L,90,-6.0,2019-20,WAS,True,0
22020,1610612738,BOS,0022000003,2020-12-23,BOS vs. MIL,W,122,1.0,2020-21,MIL,True,1
22020,1610612738,BOS,0022000007,2020-12-25,BOS vs. BKN,L,95,-28.0,2020-21,BKN,True,0
22020,1610612738,BOS,0022000037,2020-12-27,BOS @ IND,L,107,-1.0,2020-21,IND,False,0
22020,1610612738,BOS,0022000048,2020-12-29,BOS @ IND,W,116,5.0,2020-21,IND,False,1
22020,1610612738,BOS,0022000056,2020-12-30,BOS vs. MEM,W,126,19.0,2020-21,MEM,True,1
22020,1610612738,BOS,0022000070,2021-01-01,BOS @ DET,L,93,-3.0,2020-21,DET,False,0
22020,1610612738,BOS,0022000085,2021-01-03,BOS @ DET,W,122,2.0,2020-21,DET,False,1
22020,1610612738,BOS,0022000097,2021-01-04,BOS @ TOR,W,126,12.0,2020-21,TOR,False,1
22020,1610612738,BOS,0022000111,2021-01-06,BOS @ MIA,W,107,2.0,2020-21,MIA,False,1
22020,1610612738,BOS,0022000124,2021-01-08,BOS vs. WAS,W,116,9.0,2020-21,WAS,True,1
22020,1610612738,BOS,0022000180,2021-01-15,BOS vs. ORL,W,124,27.0,2020-21,ORL,True,1
22020,1610612738,BOS,0022000196,2021-01-17,BOS vs. NYK,L,75,-30.0,2020-21,NYK,True,0
22020,1610612738,BOS,0022000218,2021-01-20,BOS @ PHI,L,109,-8.0,2020-21,PHI,False,0
22020,1610612738,BOS,0022000233,2021-01-22,BOS @ PHI,L,110,-12.0,2020-21,PHI,False,0
22020,1610612738,BOS,0022000250,2021-01-24,BOS vs. CLE,W,141,38.0,2020-21,CLE,True,1
22020,1610612738,BOS,0022000262,2021-01-25,BOS @ CHI,W,119,16.0,2020-21,CHI,False,1
22020,1610612738,BOS,0022000280,2021-01-27,BOS @ SAS,L,106,-4.0,2020-21,SAS,False,0
22020,1610612738,BOS,0022000302,2021-01-30,BOS vs. LAL,L,95,-1.0,2020-21,LAL,True,0
22020,1610612738,BOS,0022000326,2021-02-02,BOS @ GSW,W,111,4.0,2020-21,GSW,False,1
22020,1610612738,BOS,0022000336,2021-02-03,BOS @ SAC,L,111,-5.0,2020-21,SAC,False,0
22020,1610612738,BOS,0022000350,2021-02-05,BOS @ LAC,W,119,4.0,2020-21,LAC,False,1
22020,1610612738,BOS,0022000365,2021-02-07,BOS @ PHX,L,91,-9.0,2020-21,PHX,False,0
22020,1610612738,BOS,0022000379,2021-02-09,BOS @ UTA,L,108,-14.0,2020-21,UTA,False,0
22020,1610612738,BOS,0022000398,2021-02-11,BOS vs. TOR,W,120,14.0,2020-21,TOR,True,1
22020,1610612738,BOS,0022000412,2021-02-12,BOS vs. DET,L,102,-6.0,2020-21,DET,True,0
22020,1610612738,BOS,0022000560,2021-02-14,BOS @ WAS,L,91,-13.0,2020-21,WAS,False,0
22020,1610612738,BOS,0022000427,2021-02-16,BOS vs. DEN,W,112,13.0,2020-21,DEN,True,1
22020,1610612738,BOS,0022000438,2021-02-17,BOS vs. ATL,L,114,-8.0,2020-21,ATL,True,0
22020,1610612738,BOS,0022000451,2021-02-19,BOS vs. ATL,W,121,12.0,2020-21,ATL,True,1
22020,1610612738,BOS,0022000465,2021-02-21,BOS @ NOP,L,115,-5.0,2020-21,NOP,False,0
22020,1610612738,BOS,0022000485,2021-02-23,BOS @ DAL,L,107,-3.0,2020-21,DAL,False,0
22020,1610612738,BOS,0022000490,2021-02-24,BOS @ ATL,L,112,-15.0,2020-21,ATL,False,0
22020,1610612738,BOS,0022000505,2021-02-26,BOS vs. IND,W,118,6.0,2020-21,IND,True,1
22020,1610612738,BOS,0022000524,2021-02-28,BOS vs. WAS,W,111,1.0,2020-21,WAS,True,1
22020,1610612738,BOS,0022000537,2021-03-02,BOS vs. LAC,W,117,5.0,2020-21,LAC,True,1
22020,1610612738,BOS,0022000552,2021-03-04,BOS vs. TOR,W,132,7.0,2020-21,TOR,True,1
22020,1610612738,BOS,0022000569,2021-03-11,BOS @ BKN,L,109,-12.0,2020-21,BKN,False,0
22020,1610612738,BOS,0022000598,2021-03-14,BOS @ HOU,W,134,27.0,2020-21,HOU,False,1
22020,1610612738,BOS,0022000609,2021-03-16,BOS vs. UTA,L,109,-8.0,2020-21,UTA,True,0
22020,1610612738,BOS,0022000620,2021-03-17,BOS @ CLE,L,110,-7.0,2020-21,CLE,False,0
22020,1610612738,BOS,0022000631,2021-03-19,BOS vs. SAC,L,96,-11.0,2020-21,SAC,True,0
22020,1610612738,BOS,0022000167,2021-03-21,BOS vs. ORL,W,112,16.0,2020-21,ORL,True,1
22020,1610612738,BOS,0022000658,2021-03-22,BOS @ MEM,L,126,-6.0,2020-21,MEM,False,0
22020,1610612738,BOS,0022000669,2021-03-24,BOS @ MIL,L,119,-2.0,2020-21,MIL,False,0
22020,1610612738,BOS,0022000685,2021-03-26,BOS @ MIL,W,122,8.0,2020-21,MIL,False,1
22020,1610612738,BOS,0022000699,2021-03-27,BOS @ OKC,W,111,17.0,2020-21,OKC,False,1
22020,1610612738,BOS,0022000708,2021-03-29,BOS vs. NOP,L,109,-6.0,2020-21,NOP,True,0
22020,1610612738,BOS,0022000723,2021-03-31,BOS vs. DAL,L,108,-5.0,2020-21,DAL,True,0
22020,1610612738,BOS,0022000738,2021-04-02,BOS vs. HOU,W,118,16.0,2020-21,HOU,True,1
22020,1610612738,BOS,0022000757,2021-04-04,BOS vs. CHA,W,116,30.0,2020-21,CHA,True,1
22020,1610612738,BOS,0022000771,2021-04-06,BOS vs. PHI,L,96,-10.0,2020-21,PHI,True,0
22020,1610612738,BOS,0022000778,2021-04-07,BOS vs. NYK,W,101,2.0,2020-21,NYK,True,1
22020,1610612738,BOS,0022000792,2021-04-09,BOS vs. MIN,W,145,9.0,2020-21,MIN,True,1
22020,1610612738,BOS,0022000806,2021-04-11,BOS @ DEN,W,105,18.0,2020-21,DEN,False,1
22020,1610612738,BOS,0022000828,2021-04-13,BOS @ POR,W,116,1.0,2020-21,POR,False,1
22020,1610612738,BOS,0022000842,2021-04-15,BOS @ LAL,W,121,8.0,2020-21,LAL,False,1
22020,1610612738,BOS,0022000858,2021-04-17,BOS vs. GSW,W,119,5.0,2020-21,GSW,True,1
22020,1610612738,BOS,0022000869,2021-04-19,BOS vs. CHI,L,96,-6.0,2020-21,CHI,True,0
22020,1610612738,BOS,0022000892,2021-04-22,BOS vs. PHX,W,99,13.0,2020-21,PHX,True,1
22020,1610612738,BOS,0022000899,2021-04-23,BOS @ BKN,L,104,-5.0,2020-21,BKN,False,0
22020,1610612738,BOS,0022000911,2021-04-25,BOS @ CHA,L,104,-21.0,2020-21,CHA,False,0
22020,1610612738,BOS,0022000927,2021-04-27,BOS vs. OKC,L,115,-4.0,2020-21,OKC,True,0
22020,1610612738,BOS,0022000936,2021-04-28,BOS vs. CHA,W,120,9.0,2020-21,CHA,True,1
22020,1610612738,BOS,0022000950,2021-04-30,BOS vs. SAS,W,143,3.0,2020-21,SAS,True,1
22020,1610612738,BOS,0022000968,2021-05-02,BOS vs. POR,L,119,-10.0,2020-21,POR,True,0
22020,1610612738,BOS,0022000990,2021-05-05,BOS @ ORL,W,132,36.0,2020-21,ORL,False,1
22020,1610612738,BOS,0022000160,2021-05-07,BOS @ CHI,L,99,-22.0,2020-21,CHI,False,0
22020,1610612738,BOS,0022000145,2021-05-09,BOS vs. MIA,L,124,-6.0,2020-21,MIA,True,0
22020,1610612738,BOS,0022001032,2021-05-11,BOS vs. MIA,L,121,-8.0,2020-21,MIA,True,0
22020,1610612738,BOS,0022001044,2021-05-12,BOS @ CLE,L,94,-8.0,2020-21,CLE,False,0
22020,1610612738,BOS,0022001063,2021-05-15,BOS @ MIN,W,124,16.0,2020-21,MIN,False,1
22020,1610612738,BOS,0022001073,2021-05-16,BOS @ NYK,L,92,-4.0,2020-21,NYK,False,0
22021,1610612738,BOS,0022100005,2021-10-20,BOS @ NYK,L,134,-4.0,2021-22,NYK,False,0
22021,1610612738,BOS,0022100020,2021-10-22,BOS vs. TOR,L,83,-32.0,2021-22,TOR,True,0
22021,1610612738,BOS,0022100037,2021-10-24,BOS @ HOU,W,107,10.0,2021-22,HOU,False,1
22021,1610612738,BOS,0022100041,2021-10-25,BOS @ CHA,W,140,11.0,2021-22,CHA,False,1
22021,1610612738,BOS,0022100056,2021-10-27,BOS vs. WAS,L,107,-9.0,2021-22,WAS,True,0
22021,1610612738,BOS,0022100078,2021-10-30,BOS @ WAS,L,112,-3.0,2021-22,WAS,False,0
22021,1610612738,BOS,0022100098,2021-11-01,BOS vs. CHI,L,114,-14.0,2021-22,CHI,True,0
22021,1610612738,BOS,0022100110,2021-11-03,BOS @ ORL,W,92,13.0,2021-22,ORL,False,1
22021,1610612738,BOS,0022100121,2021-11-04,BOS @ MIA,W,95,17.0,2021-22,MIA,False,1
22021,1610612738,BOS,0022100136,2021-11-06,BOS @ DAL,L,104,-3.0,2021-22,DAL,False,0
22021,1610612738,BOS,0022100160,2021-11-10,BOS vs. TOR,W,104,16.0,2021-22,TOR,True,1
22021,1610612738,BOS,0022100175,2021-11-12,BOS vs. MIL,W,122,9.0,2021-22,MIL,True,1
22021,1610612738,BOS,0022100190,2021-11-13,BOS @ CLE,L,89,-2.0,2021-22,CLE,False,0
22021,1610612738,BOS,0022100199,2021-11-15,BOS @ CLE,W,98,6.0,2021-22,CLE,False,1
22021,1610612738,BOS,0022100215,2021-11-17,BOS @ ATL,L,99,-11.0,2021-22,ATL,False,0
22021,1610612738,BOS,0022100232,2021-11-19,BOS vs. LAL,W,130,22.0,2021-22,LAL,True,1
22021,1610612738,BOS,0022100243,2021-11-20,BOS vs. OKC,W,111,6.0,2021-22,OKC,True,1
22021,1610612738,BOS,0022100256,2021-11-22,BOS vs. HOU,W,108,18.0,2021-22,HOU,True,1
22021,1610612738,BOS,0022100270,2021-11-24,BOS vs. BKN,L,104,-19.0,2021-22,BKN,True,0
22021,1610612738,BOS,0022100287,2021-11-26,BOS @ SAS,L,88,-8.0,2021-22,SAS,False,0
22021,1610612738,BOS,0022100302,2021-11-28,BOS @ TOR,W,109,12.0,2021-22,TOR,False,1
22021,1610612738,BOS,0022100322,2021-12-01,BOS vs. PHI,W,88,1.0,2021-22,PHI,True,1
22021,1610612738,BOS,0022100339,2021-12-03,BOS @ UTA,L,130,-7.0,2021-22,UTA,False,0
22021,1610612738,BOS,0022100347,2021-12-04,BOS @ POR,W,145,28.0,2021-22,POR,False,1
22021,1610612738,BOS,0022100365,2021-12-07,BOS @ LAL,L,102,-15.0,2021-22,LAL,False,0
22021,1610612738,BOS,0022100378,2021-12-08,BOS @ LAC,L,111,-3.0,2021-22,LAC,False,0
22021,1610612738,BOS,0022100390,2021-12-10,BOS @ PHX,L,90,-21.0,2021-22,PHX,False,0
22021,1610612738,BOS,0022100408,2021-12-13,BOS vs. MIL,W,117,14.0,2021-22,MIL,True,1
22021,1610612738,BOS,0022100435,2021-12-17,BOS vs. GSW,L,107,-4.0,2021-22,GSW,True,0
22021,1610612738,BOS,0022100445,2021-12-18,BOS vs. NYK,W,114,7.0,2021-22,NYK,True,1
22021,1610612738,BOS,0022100457,2021-12-20,BOS vs. PHI,L,103,-5.0,2021-22,PHI,True,0
22021,1610612738,BOS,0022100471,2021-12-22,BOS vs. CLE,W,111,10.0,2021-22,CLE,True,1
22021,1610612738,BOS,0022100489,2021-12-25,BOS @ MIL,L,113,-4.0,2021-22,MIL,False,0
22021,1610612738,BOS,0022100503,2021-12-27,BOS @ MIN,L,103,-5.0,2021-22,MIN,False,0
22021,1610612738,BOS,0022100518,2021-12-29,BOS vs. LAC,L,82,-9.0,2021-22,LAC,True,0
22021,1610612738,BOS,0022100529,2021-12-31,BOS vs. PHX,W,123,15.0,2021-22,PHX,True,1
22021,1610612738,BOS,0022100546,2022-01-02,BOS vs. ORL,W,116,5.0,2021-22,ORL,True,1
22021,1610612738,BOS,0022100570,2022-01-05,BOS vs. SAS,L,97,-2.0,2021-22,SAS,True,0
22021,1610612738,BOS,0022100578,2022-01-06,BOS @ NYK,L,105,-3.0,2021-22,NYK,False,0
22021,1610612738,BOS,0022100595,2022-01-08,BOS vs. NYK,W,99,24.0,2021-22,NYK,True,1
22021,1610612738,BOS,0022100609,2022-01-10,BOS vs. IND,W,101,3.0,2021-22,IND,True,1
22021,1610612738,BOS,0022100618,2022-01-12,BOS @ IND,W,119,19.0,2021-22,IND,False,1
22021,1610612738,BOS,0022100635,2022-01-14,BOS @ PHI,L,99,-12.0,2021-22,PHI,False,0
22021,1610612738,BOS,0022100647,2022-01-15,BOS vs. CHI,W,114,2.0,2021-22,CHI,True,1
22021,1610612738,BOS,0022100654,2022-01-17,BOS vs. NOP,W,104,12.0,2021-22,NOP,True,1
22021,1610612738,BOS,0022100671,2022-01-19,BOS vs. CHA,L,102,-9.0,2021-22,CHA,True,0
22021,1610612738,BOS,0022100688,2022-01-21,BOS vs. POR,L,105,-4.0,2021-22,POR,True,0
22021,1610612738,BOS,0022100699,2022-01-23,BOS @ WAS,W,116,29.0,2021-22,WAS,False,1
22021,1610612738,BOS,0022100717,2022-01-25,BOS vs. SAC,W,128,53.0,2021-22,SAC,True,1
22021,1610612738,BOS,0022100737,2022-01-28,BOS @ ATL,L,92,-16.0,2021-22,ATL,False,0
22021,1610612738,BOS,0022100745,2022-01-29,BOS @ NOP,W,107,10.0,2021-22,NOP,False,1
22021,1610612738,BOS,0022100762,2022-01-31,BOS vs. MIA,W,122,30.0,2021-22,MIA,True,1
22021,1610612738,BOS,0022100775,2022-02-02,BOS vs. CHA,W,113,6.0,2021-22,CHA,True,1
22021,1610612738,BOS,0022100788,2022-02-04,BOS @ DET,W,102,9.0,2021-22,DET,False,1
22021,1610612738,BOS,0022100806,2022-02-06,BOS @ ORL,W,116,33.0,2021-22,ORL,False,1
22021,1610612738,BOS,0022100817,2022-02-08,BOS @ BKN,W,126,35.0,2021-22,BKN,False,1
22021,1610612738,BOS,0022100842,2022-02-11,BOS vs. DEN,W,108,6.0,2021-22,DEN,True,1
22021,1610612738,BOS,0022100856,2022-02-13,BOS vs. ATL,W,105,10.0,2021-22,ATL,True,1
22021,1610612738,BOS,0022100869,2022-02-15,BOS @ PHI,W,135,48.0,2021-22,PHI,False,1
22021,1610612738,BOS,0022100875,2022-02-16,BOS vs. DET,L,111,-1.0,2021-22,DET,True,0
22021,1610612738,BOS,0022100890,2022-02-24,BOS @ BKN,W,129,23.0,2021-22,BKN,False,1
22021,1610612738,BOS,0022100905,2022-02-26,BOS @ DET,W,113,9.0,2021-22,DET,False,1
22021,1610612738,BOS,0022100914,2022-02-27,BOS @ IND,L,107,-21.0,2021-22,IND,False,0
22021,1610612738,BOS,0022100927,2022-03-01,BOS vs. ATL,W,107,9.0,2021-22,ATL,True,1
22021,1610612738,BOS,0022100940,2022-03-03,BOS vs. MEM,W,120,13.0,2021-22,MEM,True,1
22021,1610612738,BOS,0022100960,2022-03-06,BOS vs. BKN,W,126,6.0,2021-22,BKN,True,1
22021,1610612738,BOS,0022100981,2022-03-09,BOS @ CHA,W,115,14.0,2021-22,CHA,False,1
22021,1610612738,BOS,0022100997,2022-03-11,BOS vs. DET,W,114,11.0,2021-22,DET,True,1
22021,1610612738,BOS,0022101014,2022-03-13,BOS vs. DAL,L,92,-3.0,2021-22,DAL,True,0
22021,1610612738,BOS,0022101042,2022-03-16,BOS @ GSW,W,110,22.0,2021-22,GSW,False,1
22021,1610612738,BOS,0022101057,2022-03-18,BOS @ SAC,W,126,29.0,2021-22,SAC,False,1
22021,1610612738,BOS,0022101068,2022-03-20,BOS @ DEN,W,124,20.0,2021-22,DEN,False,1
22021,1610612738,BOS,0022101078,2022-03-21,BOS @ OKC,W,132,9.0,2021-22,OKC,False,1
22021,1610612738,BOS,0022101087,2022-03-23,BOS vs. UTA,W,125,28.0,2021-22,UTA,True,1
22021,1610612738,BOS,0022101116,2022-03-27,BOS vs. MIN,W,134,22.0,2021-22,MIN,True,1
22021,1610612738,BOS,0022101127,2022-03-28,BOS @ TOR,L,112,-3.0,2021-22,TOR,False,0
22021,1610612738,BOS,0022101139,2022-03-30,BOS vs. MIA,L,98,-8.0,2021-22,MIA,True,0
22021,1610612738,BOS,0022101153,2022-04-01,BOS vs. IND,W,128,5.0,2021-22,IND,True,1
22021,1610612738,BOS,0022101166,2022-04-03,BOS vs. WAS,W,144,42.0,2021-22,WAS,True,1
22021,1610612738,BOS,0022101193,2022-04-06,BOS @ CHI,W,117,23.0,2021-22,CHI,False,1
22021,1610612738,BOS,0022101198,2022-04-07,BOS @ MIL,L,121,-6.0,2021-22,MIL,False,0
22021,1610612738,BOS,0022101223,2022-04-10,BOS @ MEM,W,139,29.0,2021-22,MEM,False,1
22022,1610612738,BOS,0022200001,2022-10-18,BOS vs. PHI,W,126,9.0,2022-23,PHI,True,1
22022,1610612738,BOS,0022200022,2022-10-21,BOS @ MIA,W,111,7.0,2022-23,MIA,False,1
22022,1610612738,BOS,0022200030,2022-10-22,BOS @ ORL,W,126,6.0,2022-23,ORL,False,1
22022,1610612738,BOS,0022200047,2022-10-24,BOS @ CHI,L,102,-18.0,2022-23,CHI,False,0
22022,1610612738,BOS,0022200072,2022-10-28,BOS vs. CLE,L,123,-9.0,2022-23,CLE,True,0
22022,1610612738,BOS,0022200089,2022-10-30,BOS vs. WAS,W,112,18.0,2022-23,WAS,True,1
22022,1610612738,BOS,0022200107,2022-11-02,BOS @ CLE,L,113,-1.0,2022-23,CLE,False,0
22022,1610612738,BOS,0022200124,2022-11-04,BOS vs. CHI,W,123,4.0,2022-23,CHI,True,1
22022,1610612738,BOS,0022200135,2022-11-05,BOS @ NYK,W,133,10.4,2022-23,NYK,False,1
22022,1610612738,BOS,0022200152,2022-11-07,BOS @ MEM,W,109,3.0,2022-23,MEM,False,1
22022,1610612738,BOS,0022200163,2022-11-09,BOS vs. DET,W,128,16.0,2022-23,DET,True,1
22022,1610612738,BOS,0022200176,2022-11-11,BOS vs. DEN,W,131,19.0,2022-23,DEN,True,1
22022,1610612738,BOS,0022200186,2022-11-12,BOS @ DET,W,117,9.0,2022-23,DET,False,1
22022,1610612738,BOS,0022200201,2022-11-14,BOS vs. OKC,W,126,4.0,2022-23,OKC,True,1
22022,1610612738,BOS,0022200214,2022-11-16,BOS @ ATL,W,126,25.0,2022-23,ATL,False,1
22022,1610612738,BOS,0022200231,2022-11-18,BOS @ NOP,W,117,8.0,2022-23,NOP,False,1
22022,1610612738,BOS,0022200250,2022-11-21,BOS @ CHI,L,107,-14.0,2022-23,CHI,False,0
22022,1610612738,BOS,0022200264,2022-11-23,BOS vs. DAL,W,125,13.0,2022-23,DAL,True,1
22022,1610612738,BOS,0022200275,2022-11-25,BOS vs. SAC,W,122,18.0,2022-23,SAC,True,1
22022,1610612738,BOS,0022200294,2022-11-27,BOS vs. WAS,W,130,9.0,2022-23,WAS,True,1
22022,1610612738,BOS,0022200301,2022-11-28,BOS vs. CHA,W,140,35.0,2022-23,CHA,True,1
22022,1610612738,BOS,0022200314,2022-11-30,BOS vs. MIA,W,134,13.0,2022-23,MIA,True,1
22022,1610612738,BOS,0022200328,2022-12-02,BOS vs. MIA,L,116,-4.0,2022-23,MIA,True,0
22022,1610612738,BOS,0022200346,2022-12-04,BOS @ BKN,W,103,11.0,2022-23,BKN,False,1
22022,1610612738,BOS,0022200355,2022-12-05,BOS @ TOR,W,116,6.0,2022-23,TOR,False,1
22022,1610612738,BOS,0022200373,2022-12-07,BOS @ PHX,W,125,27.0,2022-23,PHX,False,1
22022,1610612738,BOS,0022200392,2022-12-10,BOS @ GSW,L,107,-16.0,2022-23,GSW,False,0
22022,1610612738,BOS,0022200408,2022-12-12,BOS @ LAC,L,93,-20.0,2022-23,LAC,False,0
22022,1610612738,BOS,0022200413,2022-12-13,BOS @ LAL,W,122,4.0,2022-23,LAL,False,1
22022,1610612738,BOS,0022200430,2022-12-16,BOS vs. ORL,L,109,-8.0,2022-23,ORL,True,0
22022,1610612738,BOS,0022200445,2022-12-18,BOS vs. ORL,L,92,-3.0,2022-23,ORL,True,0
22022,1610612738,BOS,0022200469,2022-12-21,BOS vs. IND,L,112,-5.0,2022-23,IND,True,0
22022,1610612738,BOS,0022200482,2022-12-23,BOS vs. MIN,W,121,12.0,2022-23,MIN,True,1
22022,1610612738,BOS,0022200495,2022-12-25,BOS vs. MIL,W,139,21.0,2022-23,MIL,True,1
22022,1610612738,BOS,0022200507,2022-12-27,BOS vs. HOU,W,126,24.0,2022-23,HOU,True,1
22022,1610612738,BOS,0022200525,2022-12-29,BOS vs. LAC,W,116,6.0,2022-23,LAC,True,1
22022,1610612738,BOS,0022200549,2023-01-01,BOS @ DEN,L,111,-12.0,2022-23,DEN,False,0
22022,1610612738,BOS,0022200562,2023-01-03,BOS @ OKC,L,117,-33.0,2022-23,OKC,False,0
22022,1610612738,BOS,0022200577,2023-01-05,BOS @ DAL,W,124,29.0,2022-23,DAL,False,1
22022,1610612738,BOS,0022200591,2023-01-07,BOS @ SAS,W,121,5.0,2022-23,SAS,False,1
22022,1610612738,BOS,0022200606,2023-01-09,BOS vs. CHI,W,107,8.0,2022-23,CHI,True,1
22022,1610612738,BOS,0022200621,2023-01-11,BOS vs. NOP,W,125,11.0,2022-23,NOP,True,1
22022,1610612738,BOS,0022200627,2023-01-12,BOS @ BKN,W,109,11.0,2022-23,BKN,False,1
22022,1610612738,BOS,0022200642,2023-01-14,BOS @ CHA,W,122,16.0,2022-23,CHA,False,1
22022,1610612738,BOS,0022200656,2023-01-16,BOS @ CHA,W,130,12.0,2022-23,CHA,False,1
22022,1610612738,BOS,0022200679,2023-01-19,BOS vs. GSW,W,121,3.0,2022-23,GSW,True,1
22022,1610612738,BOS,0022200692,2023-01-21,BOS @ TOR,W,106,2.0,2022-23,TOR,False,1
22022,1610612738,BOS,0022200707,2023-01-23,BOS @ ORL,L,98,-15.0,2022-23,ORL,False,0
22022,1610612738,BOS,0022200714,2023-01-24,BOS @ MIA,L,95,-3.0,2022-23,MIA,False,0
22022,1610612738,BOS,0022200730,2023-01-26,BOS vs. NYK,L,117,-3.0,2022-23,NYK,True,0
22022,1610612738,BOS,0022200749,2023-01-28,BOS vs. LAL,W,125,3.0,2022-23,LAL,True,1
22022,1610612738,BOS,0022200772,2023-02-01,BOS vs. BKN,W,139,43.0,2022-23,BKN,True,1
22022,1610612738,BOS,0022200788,2023-02-03,BOS vs. PHX,L,94,-12.0,2022-23,PHX,True,0
22022,1610612738,BOS,0022200808,2023-02-06,BOS @ DET,W,111,12.0,2022-23,DET,False,1
22022,1610612738,BOS,0022200824,2023-02-08,BOS vs. PHI,W,106,7.0,2022-23,PHI,True,1
22022,1610612738,BOS,0022200838,2023-02-10,BOS vs. CHA,W,127,11.0,2022-23,CHA,True,1
22022,1610612738,BOS,0022200855,2023-02-12,BOS vs. MEM,W,119,10.0,2022-23,MEM,True,1
22022,1610612738,BOS,0022200869,2023-02-14,BOS @ MIL,L,125,-6.0,2022-23,MIL,False,0
22022,1610612738,BOS,0022200877,2023-02-15,BOS vs. DET,W,127,18.0,2022-23,DET,True,1
22022,1610612738,BOS,0022200887,2023-02-23,BOS @ IND,W,142,4.0,2022-23,IND,False,1
22022,1610612738,BOS,0022200908,2023-02-25,BOS @ PHI,W,110,3.0,2022-23,PHI,False,1
22022,1610612738,BOS,0022200921,2023-02-27,BOS @ NYK,L,94,-15.0,2022-23,NYK,False,0
22022,1610612738,BOS,0022200935,2023-03-01,BOS vs. CLE,W,117,4.0,2022-23,CLE,True,1
22022,1610612738,BOS,0022200948,2023-03-03,BOS vs. BKN,L,105,-10.0,2022-23,BKN,True,0
22022,1610612738,BOS,0022200969,2023-03-05,BOS vs. NYK,L,129,-2.0,2022-23,NYK,True,0
22022,1610612738,BOS,0022200971,2023-03-06,BOS @ CLE,L,114,-4.0,2022-23,CLE,False,0
22022,1610612738,BOS,0022200986,2023-03-08,BOS vs. POR,W,115,22.0,2022-23,POR,True,1
22022,1610612738,BOS,0022201008,2023-03-11,BOS @ ATL,W,134,9.0,2022-23,ATL,False,1
22022,1610612738,BOS,0022201024,2023-03-13,BOS @ HOU,L,109,-2.0,2022-23,HOU,False,0
22022,1610612738,BOS,0022201039,2023-03-15,BOS @ MIN,W,104,2.0,2022-23,MIN,False,1
22022,1610612738,BOS,0022201053,2023-03-17,BOS @ POR,W,126,14.0,2022-23,POR,False,1
22022,1610612738,BOS,0022201062,2023-03-18,BOS @ UTA,L,117,-1.0,2022-23,UTA,False,0
22022,1610612738,BOS,0022201081,2023-03-21,BOS @ SAC,W,132,23.0,2022-23,SAC,False,1
22022,1610612738,BOS,0022201097,2023-03-24,BOS vs. IND,W,120,25.0,2022-23,IND,True,1
22022,1610612738,BOS,0022201116,2023-03-26,BOS vs. SAS,W,137,44.0,2022-23,SAS,True,1
22022,1610612738,BOS,0022201130,2023-03-28,BOS @ WAS,L,111,-19.0,2022-23,WAS,False,0
22022,1610612738,BOS,0022201146,2023-03-30,BOS @ MIL,W,140,41.0,2022-23,MIL,False,1
22022,1610612738,BOS,0022201152,2023-03-31,BOS vs. UTA,W,122,8.0,2022-23,UTA,True,1
22022,1610612738,BOS,0022201181,2023-04-04,BOS @ PHI,L,101,-2.0,2022-23,PHI,False,0
22022,1610612738,BOS,0022201192,2023-04-05,BOS vs. TOR,W,97,4.0,2022-23,TOR,True,1
22022,1610612738,BOS,0022201206,2023-04-07,BOS vs. TOR,W,121,19.0,2022-23,TOR,True,1
22022,1610612738,BOS,0022201216,2023-04-09,BOS vs. ATL,W,120,6.0,2022-23,ATL,True,1
22023,1610612738,BOS,0022300065,2023-10-25,BOS @ NYK,W,108,4.0,2023-24,NYK,False,1
22023,1610612738,BOS,0022300080,2023-10-27,BOS vs. MIA,W,119,8.0,2023-24,MIA,True,1
22023,1610612738,BOS,0022300103,2023-10-30,BOS @ WAS,W,126,19.0,2023-24,WAS,False,1
22023,1610612738,BOS,0022300118,2023-11-01,BOS vs. IND,W,155,51.0,2023-24,IND,True,1
22023,1610612738,BOS,0022300136,2023-11-04,BOS @ BKN,W,124,10.0,2023-24,BKN,False,1
22023,1610612738,BOS,0022300154,2023-11-06,BOS @ MIN,L,109,-5.0,2023-24,MIN,False,0
22023,1610612738,BOS,0022300159,2023-11-08,BOS @ PHI,L,103,-3.0,2023-24,PHI,False,0
22023,1610612738,BOS,0022300010,2023-11-10,BOS vs. BKN,W,121,14.0,2023-24,BKN,True,1
22023,1610612738,BOS,0022300174,2023-11-11,BOS vs. TOR,W,117,23.0,2023-24,TOR,True,1
22023,1610612738,BOS,0022300188,2023-11-13,BOS vs. NYK,W,114,16.0,2023-24,NYK,True,1
22023,1610612738,BOS,0022300194,2023-11-15,BOS @ PHI,W,117,10.0,2023-24,PHI,False,1
22023,1610612738,BOS,0022300031,2023-11-17,BOS @ TOR,W,108,3.0,2023-24,TOR,False,1
22023,1610612738,BOS,0022300213,2023-11-19,BOS @ MEM,W,102,2.0,2023-24,MEM,False,1
22023,1610612738,BOS,0022300217,2023-11-20,BOS @ CHA,L,118,-3.0,2023-24,CHA,False,0
22023,1610612738,BOS,0022300228,2023-11-22,BOS vs. MIL,W,119,3.0,2023-24,MIL,True,1
22023,1610612738,BOS,0022300043,2023-11-24,BOS @ ORL,L,96,-17.0,2023-24,ORL,False,0
22023,1610612738,BOS,0022300246,2023-11-26,BOS vs. ATL,W,113,10.0,2023-24,ATL,True,1
22023,1610612738,BOS,0022300053,2023-11-28,BOS vs. CHI,W,124,27.0,2023-24,CHI,True,1
22023,1610612738,BOS,0022300275,2023-12-01,BOS vs. PHI,W,125,6.0,2023-24,PHI,True,1
22023,1610612738,BOS,0022301202,2023-12-04,BOS @ IND,L,112,-10.0,2023-24,IND,False,0
22023,1610612738,BOS,0022301227,2023-12-08,BOS vs. NYK,W,133,10.0,2023-24,NYK,True,1
22023,1610612738,BOS,0022300305,2023-12-12,BOS vs. CLE,W,120,7.0,2023-24,CLE,True,1
22023,1610612738,BOS,0022300319,2023-12-14,BOS vs. CLE,W,116,9.0,2023-24,CLE,True,1
22023,1610612738,BOS,0022300329,2023-12-15,BOS vs. ORL,W,128,17.0,2023-24,ORL,True,1
22023,1610612738,BOS,0022300344,2023-12-17,BOS vs. ORL,W,114,17.0,2023-24,ORL,True,1
22023,1610612738,BOS,0022300362,2023-12-19,BOS @ GSW,L,126,-6.0,2023-24,GSW,False,0
22023,1610612738,BOS,0022300373,2023-12-20,BOS @ SAC,W,144,25.0,2023-24,SAC,False,1
22023,1610612738,BOS,0022300389,2023-12-23,BOS @ LAC,W,145,37.0,2023-24,LAC,False,1
22023,1610612738,BOS,0022300403,2023-12-25,BOS @ LAL,W,126,11.0,2023-24,LAL,False,1
22023,1610612738,BOS,0022300421,2023-12-28,BOS vs. DET,W,128,6.0,2023-24,DET,True,1
22023,1610612738,BOS,0022300432,2023-12-29,BOS vs. TOR,W,120,2.0,2023-24,TOR,True,1
22023,1610612738,BOS,0022300448,2023-12-31,BOS @ SAS,W,134,33.0,2023-24,SAS,False,1
22023,1610612738,BOS,0022300462,2024-01-02,BOS @ OKC,L,123,-4.0,2023-24,OKC,False,0
22023,1610612738,BOS,0022300479,2024-01-05,BOS vs. UTA,W,126,29.0,2023-24,UTA,True,1
22023,1610612738,BOS,0022300493,2024-01-06,BOS @ IND,W,118,17.0,2023-24,IND,False,1
22023,1610612738,BOS,0022300507,2024-01-08,BOS @ IND,L,131,-2.0,2023-24,IND,False,0
22023,1610612738,BOS,0022300517,2024-01-10,BOS vs. MIN,W,127,7.0,2023-24,MIN,True,1
22023,1610612738,BOS,0022300528,2024-01-11,BOS @ MIL,L,102,-33.0,2023-24,MIL,False,0
22023,1610612738,BOS,0022300542,2024-01-13,BOS vs. HOU,W,145,32.0,2023-24,HOU,True,1
22023,1610612738,BOS,0022300563,2024-01-15,BOS @ TOR,W,105,9.0,2023-24,TOR,False,1
22023,1610612738,BOS,0022300571,2024-01-17,BOS vs. SAS,W,117,19.0,2023-24,SAS,True,1
22023,1610612738,BOS,0022300586,2024-01-19,BOS vs. DEN,L,100,-2.0,2023-24,DEN,True,0
22023,1610612738,BOS,0022300603,2024-01-21,BOS @ HOU,W,116,9.0,2023-24,HOU,False,1
22023,1610612738,BOS,0022300611,2024-01-22,BOS @ DAL,W,119,9.0,2023-24,DAL,False,1
22023,1610612738,BOS,0022300630,2024-01-25,BOS @ MIA,W,143,33.0,2023-24,MIA,False,1
22023,1610612738,BOS,0022300646,2024-01-27,BOS vs. LAC,L,96,-19.0,2023-24,LAC,True,0
22023,1610612738,BOS,0022300659,2024-01-29,BOS vs. NOP,W,118,6.0,2023-24,NOP,True,1
22023,1610612738,BOS,0022300670,2024-01-30,BOS vs. IND,W,129,5.0,2023-24,IND,True,1
22023,1610612738,BOS,0022300684,2024-02-01,BOS vs. LAL,L,105,-9.0,2023-24,LAL,True,0
22023,1610612738,BOS,0022300706,2024-02-04,BOS vs. MEM,W,131,40.0,2023-24,MEM,True,1
22023,1610612738,BOS,0022300729,2024-02-07,BOS vs. ATL,W,125,8.0,2023-24,ATL,True,1
22023,1610612738,BOS,0022300743,2024-02-09,BOS vs. WAS,W,133,4.0,2023-24,WAS,True,1
22023,1610612738,BOS,0022300759,2024-02-11,BOS @ MIA,W,110,4.0,2023-24,MIA,False,1
22023,1610612738,BOS,0022300771,2024-02-13,BOS @ BKN,W,118,8.0,2023-24,BKN,False,1
22023,1610612738,BOS,0022300780,2024-02-14,BOS vs. BKN,W,136,50.0,2023-24,BKN,True,1
22023,1610612738,BOS,0022300797,2024-02-22,BOS @ CHI,W,129,17.0,2023-24,CHI,False,1
22023,1610612738,BOS,0022300816,2024-02-24,BOS @ NYK,W,116,14.0,2023-24,NYK,False,1
22023,1610612738,BOS,0022300836,2024-02-27,BOS vs. PHI,W,117,18.0,2023-24,PHI,True,1
22023,1610612738,BOS,0022300859,2024-03-01,BOS vs. DAL,W,138,28.0,2023-24,DAL,True,1
22023,1610612738,BOS,0022300872,2024-03-03,BOS vs. GSW,W,140,52.0,2023-24,GSW,True,1
22023,1610612738,BOS,0022300886,2024-03-05,BOS @ CLE,L,104,-1.0,2023-24,CLE,False,0
22023,1610612738,BOS,0022300906,2024-03-07,BOS @ DEN,L,109,-6.0,2023-24,DEN,False,0
22023,1610612738,BOS,0022300920,2024-03-09,BOS @ PHX,W,117,10.0,2023-24,PHX,False,1
22023,1610612738,BOS,0022300938,2024-03-11,BOS @ POR,W,121,22.0,2023-24,POR,False,1
22023,1610612738,BOS,0022300943,2024-03-12,BOS @ UTA,W,123,16.0,2023-24,UTA,False,1
22023,1610612738,BOS,0022300955,2024-03-14,BOS vs. PHX,W,127,15.0,2023-24,PHX,True,1
22023,1610612738,BOS,0022300980,2024-03-17,BOS @ WAS,W,130,26.0,2023-24,WAS,False,1
22023,1610612738,BOS,0022300984,2024-03-18,BOS vs. DET,W,119,25.0,2023-24,DET,True,1
22023,1610612738,BOS,0022300998,2024-03-20,BOS vs. MIL,W,122,3.0,2023-24,MIL,True,1
22023,1610612738,BOS,0022301011,2024-03-22,BOS @ DET,W,129,27.0,2023-24,DET,False,1
22023,1610612738,BOS,0022301023,2024-03-23,BOS @ CHI,W,124,11.0,2023-24,CHI,False,1
22023,1610612738,BOS,0022301034,2024-03-25,BOS @ ATL,L,118,-2.0,2023-24,ATL,False,0
22023,1610612738,BOS,0022301060,2024-03-28,BOS @ ATL,L,122,-1.0,2023-24,ATL,False,0
22023,1610612738,BOS,0022301074,2024-03-30,BOS @ NOP,W,104,12.0,2023-24,NOP,False,1
22023,1610612738,BOS,0022301087,2024-04-01,BOS @ CHA,W,118,14.0,2023-24,CHA,False,1
22023,1610612738,BOS,0022301105,2024-04-03,BOS vs. OKC,W,135,35.0,2023-24,OKC,True,1
22023,1610612738,BOS,0022301118,2024-04-05,BOS vs. SAC,W,101,1.0,2023-24,SAC,True,1
22023,1610612738,BOS,0022301134,2024-04-07,BOS vs. POR,W,124,17.0,2023-24,POR,True,1
22023,1610612738,BOS,0022301148,2024-04-09,BOS @ MIL,L,91,-13.0,2023-24,MIL,False,0
22023,1610612738,BOS,0022301167,2024-04-11,BOS vs. NYK,L,109,-9.0,2023-24,NYK,True,0
22023,1610612738,BOS,0022301173,2024-04-12,BOS vs. CHA,W,131,33.0,2023-24,CHA,True,1
22023,1610612738,BOS,0022301186,2024-04-14,BOS vs. WAS,W,132,10.0,2023-24,WAS,True,1
22024,1610612738,BOS,0022400061,2024-10-22,BOS vs. NYK,W,132,23.0,2024-25,NYK,True,1
22024,1610612738,BOS,0022400073,2024-10-24,BOS @ WAS,W,122,20.0,2024-25,WAS,False,1
22024,1610612738,BOS,0022400089,2024-10-26,BOS @ DET,W,124,6.0,2024-25,DET,False,1
22024,1610612738,BOS,0022400104,2024-10-28,BOS vs. MIL,W,119,11.0,2024-25,MIL,True,1
22024,1610612738,BOS,0022400119,2024-10-30,BOS @ IND,L,132,-3.0,2024-25,IND,False,0
22024,1610612738,BOS,0022400132,2024-11-01,BOS @ CHA,W,124,15.0,2024-25,CHA,False,1
22024,1610612738,BOS,0022400141,2024-11-02,BOS @ CHA,W,113,10.0,2024-25,CHA,False,1
22024,1610612738,BOS,0022400157,2024-11-04,BOS @ ATL,W,123,30.0,2024-25,ATL,False,1
22024,1610612738,BOS,0022400172,2024-11-06,BOS vs. GSW,L,112,-6.0,2024-25,GSW,True,0
22024,1610612738,BOS,0022400187,2024-11-08,BOS vs. BKN,W,108,4.0,2024-25,BKN,True,1
22024,1610612738,BOS,0022400202,2024-11-10,BOS @ MIL,W,113,6.0,2024-25,MIL,False,1
22024,1610612738,BOS,0022400001,2024-11-12,BOS vs. ATL,L,116,-1.0,2024-25,ATL,True,0
22024,1610612738,BOS,0022400218,2024-11-13,BOS @ BKN,W,139,25.0,2024-25,BKN,False,1
22024,1610612738,BOS,0022400230,2024-11-16,BOS vs. TOR,W,126,3.0,2024-25,TOR,True,1
22024,1610612738,BOS,0022400021,2024-11-19,BOS vs. CLE,W,120,3.0,2024-25,CLE,True,1
22024,1610612738,BOS,0022400028,2024-11-22,BOS @ WAS,W,108,12.0,2024-25,WAS,False,1
22024,1610612738,BOS,0022400271,2024-11-24,BOS vs. MIN,W,107,2.0,2024-25,MIN,True,1
22024,1610612738,BOS,0022400281,2024-11-25,BOS vs. LAC,W,126,32.0,2024-25,LAC,True,1
22024,1610612738,BOS,0022400047,2024-11-29,BOS @ CHI,W,138,9.0,2024-25,CHI,False,1
22024,1610612738,BOS,0022400307,2024-12-01,BOS @ CLE,L,111,-4.0,2024-25,CLE,False,0
22024,1610612738,BOS,0022400316,2024-12-02,BOS vs. MIA,W,108,19.0,2024-25,MIA,True,1
22024,1610612738,BOS,0022400319,2024-12-04,BOS vs. DET,W,130,10.0,2024-25,DET,True,1
22024,1610612738,BOS,0022400335,2024-12-06,BOS vs. MIL,W,111,6.0,2024-25,MIL,True,1
22024,1610612738,BOS,0022400345,2024-12-07,BOS vs. MEM,L,121,-6.0,2024-25,MEM,True,0
22024,1610612738,BOS,0022401205,2024-12-12,BOS vs. DET,W,123,24.0,2024-25,DET,True,1
22024,1610612738,BOS,0022401217,2024-12-15,BOS @ WAS,W,112,14.0,2024-25,WAS,False,1
22024,1610612738,BOS,0022400363,2024-12-19,BOS vs. CHI,L,108,-9.0,2024-25,CHI,True,0
22024,1610612738,BOS,0022400381,2024-12-21,BOS @ CHI,W,123,25.0,2024-25,CHI,False,1
22024,1610612738,BOS,0022400393,2024-12-23,BOS @ ORL,L,104,-4.0,2024-25,ORL,False,0
22024,1610612738,BOS,0022400407,2024-12-25,BOS vs. PHI,L,114,-4.0,2024-25,PHI,True,0
22024,1610612738,BOS,0022400420,2024-12-27,BOS vs. IND,W,142,37.0,2024-25,IND,True,1
22024,1610612738,BOS,0022400437,2024-12-29,BOS vs. IND,L,114,-9.0,2024-25,IND,True,0
22024,1610612738,BOS,0022400449,2024-12-31,BOS vs. TOR,W,125,54.0,2024-25,TOR,True,1
22024,1610612738,BOS,0022400464,2025-01-02,BOS @ MIN,W,118,3.0,2024-25,MIN,False,1
22024,1610612738,BOS,0022400471,2025-01-03,BOS @ HOU,W,109,23.0,2024-25,HOU,False,1
22024,1610612738,BOS,0022400487,2025-01-05,BOS @ OKC,L,92,-13.0,2024-25,OKC,False,0
22024,1610612738,BOS,0022400507,2025-01-07,BOS @ DEN,W,118,12.0,2024-25,DEN,False,1
22024,1610612738,BOS,0022400528,2025-01-10,BOS vs. SAC,L,97,-17.0,2024-25,SAC,True,0
22024,1610612738,BOS,0022400542,2025-01-12,BOS vs. NOP,W,120,1.0,2024-25,NOP,True,1
22024,1610612738,BOS,0022400562,2025-01-15,BOS @ TOR,L,97,-13.0,2024-25,TOR,False,0
22024,1610612738,BOS,0022400577,2025-01-17,BOS vs. ORL,W,121,27.0,2024-25,ORL,True,1
22024,1610612738,BOS,0022400587,2025-01-18,BOS vs. ATL,L,115,-4.0,2024-25,ATL,True,0
22024,1610612738,BOS,0022400604,2025-01-20,BOS @ GSW,W,125,40.0,2024-25,GSW,False,1
22024,1610612738,BOS,0022400620,2025-01-22,BOS @ LAC,W,117,4.0,2024-25,LAC,False,1
22024,1610612738,BOS,0022400629,2025-01-23,BOS @ LAL,L,96,-21.0,2024-25,LAL,False,0
22024,1610612738,BOS,0022400635,2025-01-25,BOS @ DAL,W,122,15.0,2024-25,DAL,False,1
22024,1610612738,BOS,0022400650,2025-01-27,BOS vs. HOU,L,112,-2.0,2024-25,HOU,True,0
22024,1610612738,BOS,0022400666,2025-01-29,BOS vs. CHI,W,122,22.0,2024-25,CHI,True,1
22024,1610612738,BOS,0022400683,2025-01-31,BOS @ NOP,W,118,2.0,2024-25,NOP,False,1
22024,1610612738,BOS,0022400698,2025-02-02,BOS @ PHI,W,118,8.0,2024-25,PHI,False,1
22024,1610612738,BOS,0022400710,2025-02-04,BOS @ CLE,W,112,7.0,2024-25,CLE,False,1
22024,1610612738,BOS,0022400728,2025-02-06,BOS vs. DAL,L,120,-7.0,2024-25,DAL,True,0
22024,1610612738,BOS,0022400748,2025-02-08,BOS @ NYK,W,131,27.0,2024-25,NYK,False,1
22024,1610612738,BOS,0022400759,2025-02-10,BOS @ MIA,W,103,18.0,2024-25,MIA,False,1
22024,1610612738,BOS,0022400769,2025-02-12,BOS vs. SAS,W,116,13.0,2024-25,SAS,True,1
22024,1610612738,BOS,0022400789,2025-02-20,BOS @ PHI,W,124,20.0,2024-25,PHI,False,1
22024,1610612738,BOS,0022400811,2025-02-23,BOS vs. NYK,W,118,13.0,2024-25,NYK,True,1
22024,1610612738,BOS,0022400829,2025-02-25,BOS @ TOR,W,111,10.0,2024-25,TOR,False,1
22024,1610612738,BOS,0022400836,2025-02-26,BOS @ DET,L,97,-20.0,2024-25,DET,False,0
22024,1610612738,BOS,0022400852,2025-02-28,BOS vs. CLE,L,116,-7.0,2024-25,CLE,True,0
22024,1610612738,BOS,0022400866,2025-03-02,BOS vs. DEN,W,110,7.0,2024-25,DEN,True,1
22024,1610612738,BOS,0022400891,2025-03-05,BOS vs. POR,W,128,10.0,2024-25,POR,True,1
22024,1610612738,BOS,0022400900,2025-03-06,BOS vs. PHI,W,123,18.0,2024-25,PHI,True,1
22024,1610612738,BOS,0022400918,2025-03-08,BOS vs. LAL,W,111,10.0,2024-25,LAL,True,1
22024,1610612738,BOS,0022400929,2025-03-10,BOS vs. UTA,W,114,6.0,2024-25,UTA,True,1
22024,1610612738,BOS,0022400946,2025-03-12,BOS vs. OKC,L,112,-6.0,2024-25,OKC,True,0
22024,1610612738,BOS,0022400958,2025-03-14,BOS @ MIA,W,103,12.0,2024-25,MIA,False,1
22024,1610612738,BOS,0022400968,2025-03-15,BOS @ BKN,W,115,2.0,2024-25,BKN,False,1
22024,1610612738,BOS,0022400994,2025-03-18,BOS vs. BKN,W,104,8.0,2024-25,BKN,True,1
22024,1610612738,BOS,0022401020,2025-03-21,BOS @ UTA,W,121,22.0,2024-25,UTA,False,1
22024,1610612738,BOS,0022401034,2025-03-23,BOS @ POR,W,129,13.0,2024-25,POR,False,1
22024,1610612738,BOS,0022401044,2025-03-24,BOS @ SAC,W,113,18.0,2024-25,SAC,False,1
22024,1610612738,BOS,0022401058,2025-03-26,BOS @ PHX,W,132,30.0,2024-25,PHX,False,1
22024,1610612738,BOS,0022401080,2025-03-29,BOS @ SAS,W,121,10.0,2024-25,SAS,False,1
22024,1610612738,BOS,0022401093,2025-03-31,BOS @ MEM,W,117,14.0,2024-25,MEM,False,1
22024,1610612738,BOS,0022401106,2025-04-02,BOS vs. MIA,L,103,-21.0,2024-25,MIA,True,0
22024,1610612738,BOS,0022401120,2025-04-04,BOS vs. PHX,W,123,20.0,2024-25,PHX,True,1
22024,1610612738,BOS,0022401137,2025-04-06,BOS vs. WAS,W,124,34.0,2024-25,WAS,True,1
22024,1610612738,BOS,0022401151,2025-04-08,BOS @ NYK,W,119,2.0,2024-25,NYK,False,1
22024,1610612738,BOS,0022401156,2025-04-09,BOS @ ORL,L,76,-20.0,2024-25,ORL,False,0
22024,1610612738,BOS,0022401174,2025-04-11,BOS vs. CHA,W,130,36.0,2024-25,CHA,True,1
22024,1610612738,BOS,0022401187,2025-04-13,BOS vs. CHA,W,93,7.0,2024-25,CHA,True,1
22025,1610612738,BOS,0022500083,2025-10-22,BOS vs. PHI,L,116,-1.0,2025-26,PHI,True,0
22025,1610612738,BOS,0022500018,2025-10-24,BOS @ NYK,L,95,-10.0,2025-26,NYK,False,0
22025,1610612738,BOS,0022500106,2025-10-26,BOS @ DET,L,113,-6.0,2025-26,DET,False,0
22025,1610612738,BOS,0022500117,2025-10-27,BOS @ NOP,W,122,32.0,2025-26,NOP,False,1
22025,1610612738,BOS,0022500128,2025-10-29,BOS vs. CLE,W,125,20.0,2025-26,CLE,True,1
22025,1610612738,BOS,0022500021,2025-10-31,BOS @ PHI,W,109,1.0,2025-26,PHI,False,1
22025,1610612738,BOS,0022500146,2025-11-01,BOS vs. HOU,L,101,-27.0,2025-26,HOU,True,0
22025,1610612738,BOS,0022500158,2025-11-03,BOS vs. UTA,L,103,-2.0,2025-26,UTA,True,0
22025,1610612738,BOS,0022500174,2025-11-05,BOS vs. WAS,W,136,29.0,2025-26,WAS,True,1
22025,1610612738,BOS,0022500028,2025-11-07,BOS @ ORL,L,110,-13.0,2025-26,ORL,False,0
22025,1610612738,BOS,0022500193,2025-11-09,BOS @ ORL,W,111,4.0,2025-26,ORL,False,1
22025,1610612738,BOS,0022500209,2025-11-11,BOS @ PHI,L,100,-2.0,2025-26,PHI,False,0
22025,1610612738,BOS,0022500216,2025-11-12,BOS vs. MEM,W,131,36.0,2025-26,MEM,True,1
22025,1610612738,BOS,0022500233,2025-11-16,BOS vs. LAC,W,121,3.0,2025-26,LAC,True,1
22025,1610612738,BOS,0022500250,2025-11-18,BOS @ BKN,W,113,14.0,2025-26,BKN,False,1
22025,1610612738,BOS,0022500049,2025-11-21,BOS vs. BKN,L,105,-8.0,2025-26,BKN,True,0
22025,1610612738,BOS,0022500277,2025-11-23,BOS vs. ORL,W,138,9.0,2025-26,ORL,True,1
22025,1610612738,BOS,0022500060,2025-11-26,BOS vs. DET,W,117,3.0,2025-26,DET,True,1
22025,1610612738,BOS,0022500293,2025-11-29,BOS @ MIN,L,115,-4.0,2025-26,MIN,False,0
22025,1610612738,BOS,0022500302,2025-11-30,BOS @ CLE,W,117,2.0,2025-26,CLE,False,1
22025,1610612738,BOS,0022500320,2025-12-02,BOS vs. NYK,W,123,6.0,2025-26,NYK,True,1
22025,1610612738,BOS,0022500334,2025-12-04,BOS @ WAS,W,146,45.0,2025-26,WAS,False,1
22025,1610612738,BOS,0022500338,2025-12-05,BOS vs. LAL,W,126,21.0,2025-26,LAL,True,1
22025,1610612738,BOS,0022500358,2025-12-07,BOS @ TOR,W,121,8.0,2025-26,TOR,False,1
22025,1610612738,BOS,0022501206,2025-12-11,BOS @ MIL,L,101,-15.0,2025-26,MIL,False,0
22025,1610612738,BOS,0022501222,2025-12-15,BOS vs. DET,L,105,-7.0,2025-26,DET,True,0
22025,1610612738,BOS,0022500381,2025-12-19,BOS vs. MIA,W,129,13.0,2025-26,MIA,True,1
22025,1610612738,BOS,0022500388,2025-12-20,BOS @ TOR,W,112,16.0,2025-26,TOR,False,1
22025,1610612738,BOS,0022500403,2025-12-22,BOS vs. IND,W,103,8.0,2025-26,IND,True,1
22025,1610612738,BOS,0022500426,2025-12-26,BOS @ IND,W,140,18.0,2025-26,IND,False,1
22025,1610612738,BOS,0022500444,2025-12-28,BOS @ POR,L,108,-6.0,2025-26,POR,False,0
22025,1610612738,BOS,0022500459,2025-12-30,BOS @ UTA,W,129,10.0,2025-26,UTA,False,1
22025,1610612738,BOS,0022500474,2026-01-01,BOS @ SAC,W,120,14.0,2025-26,SAC,False,1
22025,1610612738,BOS,0022500493,2026-01-03,BOS @ LAC,W,146,31.0,2025-26,LAC,False,1
22025,1610612738,BOS,0022500503,2026-01-05,BOS vs. CHI,W,115,14.0,2025-26,CHI,True,1
22025,1610612738,BOS,0022500520,2026-01-07,BOS vs. DEN,L,110,-4.0,2025-26,DEN,True,0
22025,1610612738,BOS,0022500532,2026-01-09,BOS vs. TOR,W,125,8.0,2025-26,TOR,True,1
22025,1610612738,BOS,0022500545,2026-01-10,BOS vs. SAS,L,95,-5.0,2025-26,SAS,True,0
22025,1610612738,BOS,0022500559,2026-01-12,BOS @ IND,L,96,-2.0,2025-26,IND,False,0
22025,1610612738,BOS,0022500580,2026-01-15,BOS @ MIA,W,119,5.0,2025-26,MIA,False,1
22025,1610612738,BOS,0022500594,2026-01-17,BOS @ ATL,W,132,26.0,2025-26,ATL,False,1
22025,1610612738,BOS,0022500017,2026-01-19,BOS @ DET,L,103,-1.0,2025-26,DET,False,0
22025,1610612738,BOS,0022500621,2026-01-21,BOS vs. IND,W,119,15.0,2025-26,IND,True,1
22025,1610612738,BOS,0022500637,2026-01-23,BOS @ BKN,W,130,4.0,2025-26,BKN,False,1
22025,1610612738,BOS,0022500647,2026-01-24,BOS @ CHI,L,111,-3.0,2025-26,CHI,False,0
22025,1610612738,BOS,0022500660,2026-01-26,BOS vs. POR,W,102,8.0,2025-26,POR,True,1
22025,1610612738,BOS,0022500673,2026-01-28,BOS vs. ATL,L,106,-11.0,2025-26,ATL,True,0
22025,1610612738,BOS,0022500689,2026-01-30,BOS vs. SAC,W,112,19.0,2025-26,SAC,True,1
22025,1610612738,BOS,0022500702,2026-02-01,BOS vs. MIL,W,107,28.0,2025-26,MIL,True,1
22025,1610612738,BOS,0022500721,2026-02-03,BOS @ DAL,W,110,10.0,2025-26,DAL,False,1
22025,1610612738,BOS,0022500728,2026-02-04,BOS @ HOU,W,114,21.0,2025-26,HOU,False,1
22025,1610612738,BOS,0022500741,2026-02-06,BOS vs. MIA,W,98,2.0,2025-26,MIA,True,1
22025,1610612738,BOS,0022500757,2026-02-08,BOS vs. NYK,L,89,-22.0,2025-26,NYK,True,0
22025,1610612738,BOS,0022500778,2026-02-11,BOS vs. CHI,W,124,19.0,2025-26,CHI,True,1
22025,1610612738,BOS,0022500799,2026-02-19,BOS @ GSW,W,121,11.0,2025-26,GSW,False,1
22025,1610612738,BOS,0022500823,2026-02-22,BOS @ LAL,W,111,22.0,2025-26,LAL,False,1
22025,1610612738,BOS,0022500839,2026-02-24,BOS @ PHX,W,97,16.0,2025-26,PHX,False,1
22025,1610612738,BOS,0022500847,2026-02-25,BOS @ DEN,L,84,-19.0,2025-26,DEN,False,0
22025,1610612738,BOS,0022500859,2026-02-27,BOS vs. BKN,W,148,37.0,2025-26,BKN,True,1
22025,1610612738,BOS,0022500874,2026-03-01,BOS vs. PHI,W,114,16.0,2025-26,PHI,True,1
22025,1610612738,BOS,0022500880,2026-03-02,BOS @ MIL,W,108,27.0,2025-26,MIL,False,1
22025,1610612738,BOS,0022500894,2026-03-04,BOS vs. CHA,L,89,-29.0,2025-26,CHA,True,0
22025,1610612738,BOS,0022500908,2026-03-06,BOS vs. DAL,W,120,20.0,2025-26,DAL,True,1
22025,1610612738,BOS,0022500921,2026-03-08,BOS @ CLE,W,109,11.0,2025-26,CLE,False,1
22025,1610612738,BOS,0022500942,2026-03-10,BOS @ SAS,L,116,-9.0,2025-26,SAS,False,0
22025,1610612738,BOS,0022500959,2026-03-12,BOS @ OKC,L,102,-2.0,2025-26,OKC,False,0
22025,1610612738,BOS,0022500971,2026-03-14,BOS vs. WAS,W,111,11.0,2025-26,WAS,True,1
22025,1610612738,BOS,0022500986,2026-03-16,BOS vs. PHX,W,120,8.0,2025-26,PHX,True,1
22025,1610612738,BOS,0022500999,2026-03-18,BOS vs. GSW,W,120,21.0,2025-26,GSW,True,1
22025,1610612738,BOS,0022501019,2026-03-20,BOS @ MEM,W,117,5.0,2025-26,MEM,False,1
22025,1610612738,BOS,0022501035,2026-03-22,BOS vs. MIN,L,92,-10.0,2025-26,MIN,True,0
22025,1610612738,BOS,0022501054,2026-03-25,BOS vs. OKC,W,119,10.0,2025-26,OKC,True,1
22025,1610612738,BOS,0022501067,2026-03-27,BOS vs. ATL,W,109,7.0,2025-26,ATL,True,1
22025,1610612738,BOS,0022501085,2026-03-29,BOS @ CHA,W,114,15.0,2025-26,CHA,False,1
22025,1610612738,BOS,0022501092,2026-03-30,BOS @ ATL,L,102,-10.0,2025-26,ATL,False,0
22025,1610612738,BOS,0022501106,2026-04-01,BOS @ MIA,W,147,18.0,2025-26,MIA,False,1
22025,1610612738,BOS,0022501126,2026-04-03,BOS @ MIL,W,133,32.0,2025-26,MIL,False,1
22025,1610612738,BOS,0022501132,2026-04-05,BOS vs. TOR,W,115,14.0,2025-26,TOR,True,1
22025,1610612738,BOS,0022501149,2026-04-07,BOS vs. CHA,W,113,11.0,2025-26,CHA,True,1
22025,1610612738,BOS,0022501168,2026-04-09,BOS @ NYK,L,106,-6.0,2025-26,NYK,False,0
22025,1610612738,BOS,0022501174,2026-04-10,BOS vs. NOP,W,144,26.0,2025-26,NOP,True,1
22025,1610612738,BOS,0022501186,2026-04-12,BOS vs. ORL,W,113,5.0,2025-26,ORL,True,1
