game_id,season,game_date,matchup,opponent,pbp_status,pbp_events,pbp_periods,pbp_shape,box_status,box_players,box_shape,error
0021600006,2016-17,2016-10-26,BOS vs. BKN,BKN,cached,521,"1,2,3,4",game.actions shape,cached,26,boxScoreTraditional shape,
0021600015,2016-17,2016-10-27,BOS @ CHI,CHI,cached,512,"1,2,3,4",game.actions shape,cached,26,boxScoreTraditional shape,
0021600027,2016-17,2016-10-29,BOS @ CHA,CHA,cached,476,"1,2,3,4",game.actions shape,cached,26,boxScoreTraditional shape,
0021600061,2016-17,2016-11-02,BOS vs. CHI,CHI,cached,494,"1,2,3,4",game.actions shape,cached,26,boxScoreTraditional shape,
0021600068,2016-17,2016-11-03,BOS @ CLE,CLE,cached,500,"1,2,3,4",game.actions shape,cached,25,boxScoreTraditional shape,
0021600091,2016-17,2016-11-06,BOS vs. DEN,DEN,cached,496,"1,2,3,4",game.actions shape,cached,25,boxScoreTraditional shape,
0021600107,2016-17,2016-11-09,BOS @ WAS,WAS,cached,489,"1,2,3,4",game.actions shape,cached,26,boxScoreTraditional shape,
0021600125,2016-17,2016-11-11,BOS vs. NYK,NYK,cached,574,"1,2,3,4",game.actions shape,cached,25,boxScoreTraditional shape,
0021600130,2016-17,2016-11-12,BOS @ IND,IND,cached,513,"1,2,3,4",game.actions shape,cached,25,boxScoreTraditional shape,
0021600148,2016-17,2016-11-14,BOS @ NOP,NOP,cached,524,"1,2,3,4",game.actions shape,cached,24,boxScoreTraditional shape,
0021600161,2016-17,2016-11-16,BOS vs. DAL,DAL,cached,444,"1,2,3,4",game.actions shape,cached,26,boxScoreTraditional shape,
0021600179,2016-17,2016-11-18,BOS vs. GSW,GSW,cached,460,"1,2,3,4",game.actions shape,cached,26,boxScoreTraditional shape,
0021600188,2016-17,2016-11-19,BOS @ DET,DET,cached,434,"1,2,3,4",game.actions shape,cached,26,boxScoreTraditional shape,
0021600205,2016-17,2016-11-21,BOS @ MIN,MIN,cached,469,"1,2,3,4",game.actions shape,cached,26,boxScoreTraditional shape,
0021600217,2016-17,2016-11-23,BOS @ BKN,BKN,cached,513,"1,2,3,4",game.actions shape,cached,26,boxScoreTraditional shape,
0021600225,2016-17,2016-11-25,BOS vs. SAS,SAS,cached,464,"1,2,3,4",game.actions shape,cached,26,boxScoreTraditional shape,
0021600256,2016-17,2016-11-28,BOS @ MIA,MIA,cached,479,"1,2,3,4",game.actions shape,cached,26,boxScoreTraditional shape,
0021600267,2016-17,2016-11-30,BOS vs. DET,DET,cached,463,"1,2,3,4",game.actions shape,cached,25,boxScoreTraditional shape,
0021600283,2016-17,2016-12-02,BOS vs. SAC,SAC,cached,514,"1,2,3,4",game.actions shape,cached,25,boxScoreTraditional shape,
0021600294,2016-17,2016-12-03,BOS @ PHI,PHI,cached,479,"1,2,3,4",game.actions shape,cached,26,boxScoreTraditional shape,
0021600311,2016-17,2016-12-05,BOS @ HOU,HOU,cached,488,"1,2,3,4",game.actions shape,cached,26,boxScoreTraditional shape,
0021600322,2016-17,2016-12-07,BOS @ ORL,ORL,cached,490,"1,2,3,4",game.actions shape,cached,26,boxScoreTraditional shape,
0021600339,2016-17,2016-12-09,BOS vs. TOR,TOR,cached,477,"1,2,3,4",game.actions shape,cached,26,boxScoreTraditional shape,
0021600357,2016-17,2016-12-11,BOS @ OKC,OKC,cached,496,"1,2,3,4",game.actions shape,cached,26,boxScoreTraditional shape,
0021600383,2016-17,2016-12-14,BOS @ SAS,SAS,cached,454,"1,2,3,4",game.actions shape,cached,26,boxScoreTraditional shape,
0021600391,2016-17,2016-12-16,BOS vs. CHA,CHA,cached,504,"1,2,3,4",game.actions shape,cached,26,boxScoreTraditional shape,
0021600410,2016-17,2016-12-18,BOS @ MIA,MIA,cached,478,"1,2,3,4",game.actions shape,cached,26,boxScoreTraditional shape,
0021600424,2016-17,2016-12-20,BOS @ MEM,MEM,cached,556,"1,2,3,4,5",game.actions shape,cached,25,boxScoreTraditional shape,
0021600440,2016-17,2016-12-22,BOS @ IND,IND,cached,512,"1,2,3,4",game.actions shape,cached,26,boxScoreTraditional shape,
0021600445,2016-17,2016-12-23,BOS vs. OKC,OKC,cached,511,"1,2,3,4",game.actions shape,cached,26,boxScoreTraditional shape,
0021600456,2016-17,2016-12-25,BOS @ NYK,NYK,cached,499,"1,2,3,4",game.actions shape,cached,26,boxScoreTraditional shape,
0021600472,2016-17,2016-12-27,BOS vs. MEM,MEM,cached,515,"1,2,3,4",game.actions shape,cached,25,boxScoreTraditional shape,
0021600488,2016-17,2016-12-29,BOS @ CLE,CLE,cached,484,"1,2,3,4",game.actions shape,cached,26,boxScoreTraditional shape,
0021600494,2016-17,2016-12-30,BOS vs. MIA,MIA,cached,439,"1,2,3,4",game.actions shape,cached,25,boxScoreTraditional shape,
0021600522,2016-17,2017-01-03,BOS vs. UTA,UTA,cached,430,"1,2,3,4",game.actions shape,cached,26,boxScoreTraditional shape,
0021600546,2016-17,2017-01-06,BOS vs. PHI,PHI,cached,528,"1,2,3,4",game.actions shape,cached,24,boxScoreTraditional shape,
0021600553,2016-17,2017-01-07,BOS vs. NOP,NOP,cached,482,"1,2,3,4",game.actions shape,cached,25,boxScoreTraditional shape,
0021600572,2016-17,2017-01-10,BOS @ TOR,TOR,cached,492,"1,2,3,4",game.actions shape,cached,24,boxScoreTraditional shape,
0021600583,2016-17,2017-01-11,BOS vs. WAS,WAS,cached,461,"1,2,3,4",game.actions shape,cached,25,boxScoreTraditional shape,
0021600597,2016-17,2017-01-13,BOS @ ATL,ATL,cached,460,"1,2,3,4",game.actions shape,cached,25,boxScoreTraditional shape,
0021600618,2016-17,2017-01-16,BOS vs. CHA,CHA,cached,431,"1,2,3,4",game.actions shape,cached,26,boxScoreTraditional shape,
0021600630,2016-17,2017-01-18,BOS vs. NYK,NYK,cached,486,"1,2,3,4",game.actions shape,cached,26,boxScoreTraditional shape,
0021600650,2016-17,2017-01-21,BOS vs. POR,POR,cached,568,"1,2,3,4,5",game.actions shape,cached,25,boxScoreTraditional shape,
0021600676,2016-17,2017-01-24,BOS @ WAS,WAS,cached,467,"1,2,3,4",game.actions shape,cached,25,boxScoreTraditional shape,
0021600681,2016-17,2017-01-25,BOS vs. HOU,HOU,cached,496,"1,2,3,4",game.actions shape,cached,26,boxScoreTraditional shape,
0021600697,2016-17,2017-01-27,BOS vs. ORL,ORL,cached,448,"1,2,3,4",game.actions shape,cached,25,boxScoreTraditional shape,
0021600706,2016-17,2017-01-28,BOS @ MIL,MIL,cached,542,"1,2,3,4,5",game.actions shape,cached,25,boxScoreTraditional shape,
0021600721,2016-17,2017-01-30,BOS vs. DET,DET,cached,520,"1,2,3,4",game.actions shape,cached,25,boxScoreTraditional shape,
0021600732,2016-17,2017-02-01,BOS vs. TOR,TOR,cached,506,"1,2,3,4",game.actions shape,cached,26,boxScoreTraditional shape,
0021600751,2016-17,2017-02-03,BOS vs. LAL,LAL,cached,498,"1,2,3,4",game.actions shape,cached,26,boxScoreTraditional shape,
0021600766,2016-17,2017-02-05,BOS vs. LAC,LAC,cached,476,"1,2,3,4",game.actions shape,cached,25,boxScoreTraditional shape,
0021600793,2016-17,2017-02-08,BOS @ SAC,SAC,cached,451,"1,2,3,4",game.actions shape,cached,25,boxScoreTraditional shape,
0021600798,2016-17,2017-02-09,BOS @ POR,POR,cached,484,"1,2,3,4",game.actions shape,cached,24,boxScoreTraditional shape,
0021600815,2016-17,2017-02-11,BOS @ UTA,UTA,cached,471,"1,2,3,4",game.actions shape,cached,26,boxScoreTraditional shape,
0021600826,2016-17,2017-02-13,BOS @ DAL,DAL,cached,453,"1,2,3,4",game.actions shape,cached,25,boxScoreTraditional shape,
0021600836,2016-17,2017-02-15,BOS vs. PHI,PHI,cached,533,"1,2,3,4",game.actions shape,cached,26,boxScoreTraditional shape,
0021600849,2016-17,2017-02-16,BOS @ CHI,CHI,cached,439,"1,2,3,4",game.actions shape,cached,26,boxScoreTraditional shape,
0021600858,2016-17,2017-02-24,BOS @ TOR,TOR,cached,467,"1,2,3,4",game.actions shape,cached,26,boxScoreTraditional shape,
0021600879,2016-17,2017-02-26,BOS @ DET,DET,cached,536,"1,2,3,4",game.actions shape,cached,26,boxScoreTraditional shape,
0021600885,2016-17,2017-02-27,BOS vs. ATL,ATL,cached,525,"1,2,3,4",game.actions shape,cached,26,boxScoreTraditional shape,
0021600901,2016-17,2017-03-01,BOS vs. CLE,CLE,cached,481,"1,2,3,4",game.actions shape,cached,24,boxScoreTraditional shape,
0021600918,2016-17,2017-03-03,BOS @ LAL,LAL,cached,488,"1,2,3,4",game.actions shape,cached,26,boxScoreTraditional shape,
0021600929,2016-17,2017-03-05,BOS @ PHX,PHX,cached,566,"1,2,3,4",game.actions shape,cached,25,boxScoreTraditional shape,
0021600945,2016-17,2017-03-06,BOS @ LAC,LAC,cached,514,"1,2,3,4",game.actions shape,cached,25,boxScoreTraditional shape,
0021600959,2016-17,2017-03-08,BOS @ GSW,GSW,cached,480,"1,2,3,4",game.actions shape,cached,26,boxScoreTraditional shape,
0021600970,2016-17,2017-03-10,BOS @ DEN,DEN,cached,494,"1,2,3,4",game.actions shape,cached,26,boxScoreTraditional shape,
0021600985,2016-17,2017-03-12,BOS vs. CHI,CHI,cached,446,"1,2,3,4",game.actions shape,cached,26,boxScoreTraditional shape,
0021601006,2016-17,2017-03-15,BOS vs. MIN,MIN,cached,434,"1,2,3,4",game.actions shape,cached,26,boxScoreTraditional shape,
0021601022,2016-17,2017-03-17,BOS @ BKN,BKN,cached,522,"1,2,3,4",game.actions shape,cached,26,boxScoreTraditional shape,
0021601037,2016-17,2017-03-19,BOS @ PHI,PHI,cached,501,"1,2,3,4",game.actions shape,cached,25,boxScoreTraditional shape,
0021601047,2016-17,2017-03-20,BOS vs. WAS,WAS,cached,532,"1,2,3,4",game.actions shape,cached,26,boxScoreTraditional shape,
0021601060,2016-17,2017-03-22,BOS vs. IND,IND,cached,464,"1,2,3,4",game.actions shape,cached,26,boxScoreTraditional shape,
0021601076,2016-17,2017-03-24,BOS vs. PHX,PHX,cached,572,"1,2,3,4",game.actions shape,cached,25,boxScoreTraditional shape,
0021601093,2016-17,2017-03-26,BOS vs. MIA,MIA,cached,496,"1,2,3,4",game.actions shape,cached,25,boxScoreTraditional shape,
0021601113,2016-17,2017-03-29,BOS vs. MIL,MIL,cached,477,"1,2,3,4",game.actions shape,cached,26,boxScoreTraditional shape,
0021601129,2016-17,2017-03-31,BOS vs. ORL,ORL,cached,512,"1,2,3,4",game.actions shape,cached,25,boxScoreTraditional shape,
0021601145,2016-17,2017-04-02,BOS @ NYK,NYK,cached,468,"1,2,3,4",game.actions shape,cached,24,boxScoreTraditional shape,
0021601169,2016-17,2017-04-05,BOS vs. CLE,CLE,cached,500,"1,2,3,4",game.actions shape,cached,26,boxScoreTraditional shape,
0021601177,2016-17,2017-04-06,BOS @ ATL,ATL,cached,578,"1,2,3,4",game.actions shape,cached,26,boxScoreTraditional shape,
0021601189,2016-17,2017-04-08,BOS @ CHA,CHA,cached,451,"1,2,3,4",game.actions shape,cached,25,boxScoreTraditional shape,
0021601204,2016-17,2017-04-10,BOS vs. BKN,BKN,cached,516,"1,2,3,4",game.actions shape,cached,25,boxScoreTraditional shape,
0021601219,2016-17,2017-04-12,BOS vs. MIL,MIL,cached,478,"1,2,3,4",game.actions shape,cached,26,boxScoreTraditional shape,
0021700001,2017-18,2017-10-17,BOS @ CLE,CLE,cached,499,"1,2,3,4",game.actions shape,cached,25,boxScoreTraditional shape,
0021700007,2017-18,2017-10-18,BOS vs. MIL,MIL,cached,501,"1,2,3,4",game.actions shape,cached,26,boxScoreTraditional shape,
0021700019,2017-18,2017-10-20,BOS @ PHI,PHI,cached,536,"1,2,3,4",game.actions shape,cached,25,boxScoreTraditional shape,
0021700051,2017-18,2017-10-24,BOS vs. NYK,NYK,cached,479,"1,2,3,4",game.actions shape,cached,25,boxScoreTraditional shape,
0021700067,2017-18,2017-10-26,BOS @ MIL,MIL,cached,441,"1,2,3,4",game.actions shape,cached,26,boxScoreTraditional shape,
0021700078,2017-18,2017-10-28,BOS @ MIA,MIA,cached,473,"1,2,3,4",game.actions shape,cached,26,boxScoreTraditional shape,
0021700092,2017-18,2017-10-30,BOS vs. SAS,SAS,cached,489,"1,2,3,4",game.actions shape,cached,25,boxScoreTraditional shape,
0021700109,2017-18,2017-11-01,BOS vs. SAC,SAC,cached,436,"1,2,3,4",game.actions shape,cached,25,boxScoreTraditional shape,
0021700129,2017-18,2017-11-03,BOS @ OKC,OKC,cached,469,"1,2,3,4",game.actions shape,cached,26,boxScoreTraditional shape,
0021700138,2017-18,2017-11-05,BOS @ ORL,ORL,cached,490,"1,2,3,4",game.actions shape,cached,26,boxScoreTraditional shape,
0021700146,2017-18,2017-11-06,BOS @ ATL,ATL,cached,470,"1,2,3,4",game.actions shape,cached,25,boxScoreTraditional shape,
0021700161,2017-18,2017-11-08,BOS vs. LAL,LAL,cached,531,"1,2,3,4",game.actions shape,cached,25,boxScoreTraditional shape,
0021700170,2017-18,2017-11-10,BOS vs. CHA,CHA,cached,534,"1,2,3,4",game.actions shape,cached,25,boxScoreTraditional shape,
0021700188,2017-18,2017-11-12,BOS vs. TOR,TOR,cached,470,"1,2,3,4",game.actions shape,cached,25,boxScoreTraditional shape,
0021700201,2017-18,2017-11-14,BOS @ BKN,BKN,cached,488,"1,2,3,4",game.actions shape,cached,26,boxScoreTraditional shape,
0021700215,2017-18,2017-11-16,BOS vs. GSW,GSW,cached,521,"1,2,3,4",game.actions shape,cached,26,boxScoreTraditional shape,
0021700230,2017-18,2017-11-18,BOS @ ATL,ATL,cached,467,"1,2,3,4",game.actions shape,cached,25,boxScoreTraditional shape,
0021700249,2017-18,2017-11-20,BOS @ DAL,DAL,cached,528,"1,2,3,4,5",game.actions shape,cached,26,boxScoreTraditional shape,
0021700257,2017-18,2017-11-22,BOS @ MIA,MIA,cached,474,"1,2,3,4",game.actions shape,cached,26,boxScoreTraditional shape,
0021700269,2017-18,2017-11-24,BOS vs. ORL,ORL,cached,494,"1,2,3,4",game.actions shape,cached,25,boxScoreTraditional shape,
0021700281,2017-18,2017-11-25,BOS @ IND,IND,cached,406,"1,2,3,4",game.actions shape,cached,25,boxScoreTraditional shape,
0021700292,2017-18,2017-11-27,BOS vs. DET,DET,cached,443,"1,2,3,4",game.actions shape,cached,26,boxScoreTraditional shape,
0021700314,2017-18,2017-11-30,BOS vs. PHI,PHI,cached,480,"1,2,3,4",game.actions shape,cached,26,boxScoreTraditional shape,
0021700326,2017-18,2017-12-02,BOS vs. PHX,PHX,cached,464,"1,2,3,4",game.actions shape,cached,25,boxScoreTraditional shape,
0021700343,2017-18,2017-12-04,BOS vs. MIL,MIL,cached,418,"1,2,3,4",game.actions shape,cached,26,boxScoreTraditional shape,
0021700356,2017-18,2017-12-06,BOS vs. DAL,DAL,cached,473,"1,2,3,4",game.actions shape,cached,25,boxScoreTraditional shape,
0021700374,2017-18,2017-12-08,BOS @ SAS,SAS,cached,459,"1,2,3,4",game.actions shape,cached,26,boxScoreTraditional shape,
0021700386,2017-18,2017-12-10,BOS @ DET,DET,cached,458,"1,2,3,4",game.actions shape,cached,26,boxScoreTraditional shape,
0021700391,2017-18,2017-12-11,BOS @ CHI,CHI,cached,445,"1,2,3,4",game.actions shape,cached,26,boxScoreTraditional shape,
0021700407,2017-18,2017-12-13,BOS vs. DEN,DEN,cached,476,"1,2,3,4",game.actions shape,cached,25,boxScoreTraditional shape,
0021700423,2017-18,2017-12-15,BOS vs. UTA,UTA,cached,469,"1,2,3,4",game.actions shape,cached,25,boxScoreTraditional shape,
0021700436,2017-18,2017-12-16,BOS @ MEM,MEM,cached,447,"1,2,3,4",game.actions shape,cached,25,boxScoreTraditional shape,
0021700442,2017-18,2017-12-18,BOS @ IND,IND,cached,486,"1,2,3,4",game.actions shape,cached,24,boxScoreTraditional shape,
0021700456,2017-18,2017-12-20,BOS vs. MIA,MIA,cached,466,"1,2,3,4",game.actions shape,cached,25,boxScoreTraditional shape,
0021700468,2017-18,2017-12-21,BOS @ NYK,NYK,cached,470,"1,2,3,4",game.actions shape,cached,25,boxScoreTraditional shape,
0021700485,2017-18,2017-12-23,BOS vs. CHI,CHI,cached,472,"1,2,3,4",game.actions shape,cached,25,boxScoreTraditional shape,
0021700495,2017-18,2017-12-25,BOS vs. WAS,WAS,cached,466,"1,2,3,4",game.actions shape,cached,26,boxScoreTraditional shape,
0021700506,2017-18,2017-12-27,BOS @ CHA,CHA,cached,450,"1,2,3,4",game.actions shape,cached,24,boxScoreTraditional shape,
0021700517,2017-18,2017-12-28,BOS vs. HOU,HOU,cached,504,"1,2,3,4",game.actions shape,cached,24,boxScoreTraditional shape,
0021700539,2017-18,2017-12-31,BOS vs. BKN,BKN,cached,502,"1,2,3,4",game.actions shape,cached,25,boxScoreTraditional shape,
0021700559,2017-18,2018-01-03,BOS vs. CLE,CLE,cached,478,"1,2,3,4",game.actions shape,cached,25,boxScoreTraditional shape,
0021700570,2017-18,2018-01-05,BOS vs. MIN,MIN,cached,470,"1,2,3,4",game.actions shape,cached,25,boxScoreTraditional shape,
0021700579,2017-18,2018-01-06,BOS @ BKN,BKN,cached,532,"1,2,3,4",game.actions shape,cached,25,boxScoreTraditional shape,
0021700614,2017-18,2018-01-11,BOS @ PHI,PHI,cached,492,"1,2,3,4",game.actions shape,cached,25,boxScoreTraditional shape,
0021700650,2017-18,2018-01-16,BOS vs. NOP,NOP,cached,553,"1,2,3,4,5",game.actions shape,cached,25,boxScoreTraditional shape,
0021700663,2017-18,2018-01-18,BOS vs. PHI,PHI,cached,456,"1,2,3,4",game.actions shape,cached,24,boxScoreTraditional shape,
0021700683,2017-18,2018-01-21,BOS vs. ORL,ORL,cached,471,"1,2,3,4",game.actions shape,cached,25,boxScoreTraditional shape,
0021700700,2017-18,2018-01-23,BOS @ LAL,LAL,cached,493,"1,2,3,4",game.actions shape,cached,26,boxScoreTraditional shape,
0021700709,2017-18,2018-01-24,BOS @ LAC,LAC,cached,515,"1,2,3,4",game.actions shape,cached,24,boxScoreTraditional shape,
0021700728,2017-18,2018-01-27,BOS @ GSW,GSW,cached,494,"1,2,3,4",game.actions shape,cached,25,boxScoreTraditional shape,
0021700743,2017-18,2018-01-29,BOS @ DEN,DEN,cached,466,"1,2,3,4",game.actions shape,cached,26,boxScoreTraditional shape,
0021700758,2017-18,2018-01-31,BOS vs. NYK,NYK,cached,477,"1,2,3,4",game.actions shape,cached,25,boxScoreTraditional shape,
0021700767,2017-18,2018-02-02,BOS vs. ATL,ATL,cached,474,"1,2,3,4",game.actions shape,cached,25,boxScoreTraditional shape,
0021700784,2017-18,2018-02-04,BOS vs. POR,POR,cached,462,"1,2,3,4",game.actions shape,cached,25,boxScoreTraditional shape,
0021700798,2017-18,2018-02-06,BOS @ TOR,TOR,cached,444,"1,2,3,4",game.actions shape,cached,24,boxScoreTraditional shape,
0021700813,2017-18,2018-02-08,BOS @ WAS,WAS,cached,541,"1,2,3,4,5",game.actions shape,cached,25,boxScoreTraditional shape,
0021700820,2017-18,2018-02-09,BOS vs. IND,IND,cached,494,"1,2,3,4",game.actions shape,cached,25,boxScoreTraditional shape,
0021700835,2017-18,2018-02-11,BOS vs. CLE,CLE,cached,462,"1,2,3,4",game.actions shape,cached,25,boxScoreTraditional shape,
0021700858,2017-18,2018-02-14,BOS vs. LAC,LAC,cached,491,"1,2,3,4",game.actions shape,cached,25,boxScoreTraditional shape,
0021700873,2017-18,2018-02-23,BOS @ DET,DET,cached,465,"1,2,3,4",game.actions shape,cached,25,boxScoreTraditional shape,
0021700886,2017-18,2018-02-24,BOS @ NYK,NYK,cached,505,"1,2,3,4",game.actions shape,cached,25,boxScoreTraditional shape,
0021700898,2017-18,2018-02-26,BOS vs. MEM,MEM,cached,484,"1,2,3,4",game.actions shape,cached,25,boxScoreTraditional shape,
0021700916,2017-18,2018-02-28,BOS vs. CHA,CHA,cached,439,"1,2,3,4",game.actions shape,cached,26,boxScoreTraditional shape,
0021700939,2017-18,2018-03-03,BOS @ HOU,HOU,cached,512,"1,2,3,4",game.actions shape,cached,26,boxScoreTraditional shape,
0021700953,2017-18,2018-03-05,BOS @ CHI,CHI,cached,446,"1,2,3,4",game.actions shape,cached,24,boxScoreTraditional shape,
0021700974,2017-18,2018-03-08,BOS @ MIN,MIN,cached,467,"1,2,3,4",game.actions shape,cached,25,boxScoreTraditional shape,
0021700998,2017-18,2018-03-11,BOS vs. IND,IND,cached,458,"1,2,3,4",game.actions shape,cached,25,boxScoreTraditional shape,
0021701017,2017-18,2018-03-14,BOS vs. WAS,WAS,cached,574,"1,2,3,4,5,6",game.actions shape,cached,24,boxScoreTraditional shape,
0021701029,2017-18,2018-03-16,BOS @ ORL,ORL,cached,501,"1,2,3,4",game.actions shape,cached,24,boxScoreTraditional shape,
0021701047,2017-18,2018-03-18,BOS @ NOP,NOP,cached,480,"1,2,3,4",game.actions shape,cached,25,boxScoreTraditional shape,
0021701059,2017-18,2018-03-20,BOS vs. OKC,OKC,cached,498,"1,2,3,4",game.actions shape,cached,25,boxScoreTraditional shape,
0021701086,2017-18,2018-03-23,BOS @ POR,POR,cached,461,"1,2,3,4",game.actions shape,cached,25,boxScoreTraditional shape,
0021701099,2017-18,2018-03-25,BOS @ SAC,SAC,cached,401,"1,2,3,4",game.actions shape,cached,25,boxScoreTraditional shape,
0021701107,2017-18,2018-03-26,BOS @ PHX,PHX,cached,473,"1,2,3,4",game.actions shape,cached,26,boxScoreTraditional shape,
0021701121,2017-18,2018-03-28,BOS @ UTA,UTA,cached,469,"1,2,3,4",game.actions shape,cached,26,boxScoreTraditional shape,
0021701140,2017-18,2018-03-31,BOS vs. TOR,TOR,cached,481,"1,2,3,4",game.actions shape,cached,25,boxScoreTraditional shape,
0021701162,2017-18,2018-04-03,BOS @ MIL,MIL,cached,477,"1,2,3,4",game.actions shape,cached,25,boxScoreTraditional shape,
0021701171,2017-18,2018-04-04,BOS @ TOR,TOR,cached,477,"1,2,3,4",game.actions shape,cached,25,boxScoreTraditional shape,
0021701185,2017-18,2018-04-06,BOS vs. CHI,CHI,cached,473,"1,2,3,4",game.actions shape,cached,23,boxScoreTraditional shape,
0021701202,2017-18,2018-04-08,BOS vs. ATL,ATL,cached,454,"1,2,3,4",game.actions shape,cached,25,boxScoreTraditional shape,
0021701215,2017-18,2018-04-10,BOS @ WAS,WAS,cached,502,"1,2,3,4",game.actions shape,cached,26,boxScoreTraditional shape,
0021701219,2017-18,2018-04-11,BOS vs. BKN,BKN,cached,485,"1,2,3,4",game.actions shape,cached,25,boxScoreTraditional shape,
0021800001,2018-19,2018-10-16,BOS vs. PHI,PHI,cached,517,"1,2,3,4",game.actions shape,cached,26,boxScoreTraditional shape,
0021800019,2018-19,2018-10-19,BOS @ TOR,TOR,cached,498,"1,2,3,4",game.actions shape,cached,26,boxScoreTraditional shape,
0021800028,2018-19,2018-10-20,BOS @ NYK,NYK,cached,524,"1,2,3,4",game.actions shape,cached,26,boxScoreTraditional shape,
0021800040,2018-19,2018-10-22,BOS vs. ORL,ORL,cached,459,"1,2,3,4",game.actions shape,cached,26,boxScoreTraditional shape,
0021800065,2018-19,2018-10-25,BOS @ OKC,OKC,cached,555,"1,2,3,4",game.actions shape,cached,26,boxScoreTraditional shape,
0021800074,2018-19,2018-10-27,BOS @ DET,DET,cached,495,"1,2,3,4",game.actions shape,cached,26,boxScoreTraditional shape,
0021800099,2018-19,2018-10-30,BOS vs. DET,DET,cached,521,"1,2,3,4",game.actions shape,cached,26,boxScoreTraditional shape,
0021800115,2018-19,2018-11-01,BOS vs. MIL,MIL,cached,512,"1,2,3,4",game.actions shape,cached,25,boxScoreTraditional shape,
0021800127,2018-19,2018-11-03,BOS @ IND,IND,cached,488,"1,2,3,4",game.actions shape,cached,26,boxScoreTraditional shape,
0021800145,2018-19,2018-11-05,BOS @ DEN,DEN,cached,486,"1,2,3,4",game.actions shape,cached,25,boxScoreTraditional shape,
0021800164,2018-19,2018-11-08,BOS @ PHX,PHX,cached,543,"1,2,3,4,5",game.actions shape,cached,26,boxScoreTraditional shape,
0021800172,2018-19,2018-11-09,BOS @ UTA,UTA,cached,475,"1,2,3,4",game.actions shape,cached,26,boxScoreTraditional shape,
0021800188,2018-19,2018-11-11,BOS @ POR,POR,cached,464,"1,2,3,4",game.actions shape,cached,26,boxScoreTraditional shape,
0021800204,2018-19,2018-11-14,BOS vs. CHI,CHI,cached,443,"1,2,3,4",game.actions shape,cached,24,boxScoreTraditional shape,
0021800216,2018-19,2018-11-16,BOS vs. TOR,TOR,cached,541,"1,2,3,4,5",game.actions shape,cached,26,boxScoreTraditional shape,
0021800229,2018-19,2018-11-17,BOS vs. UTA,UTA,cached,520,"1,2,3,4",game.actions shape,cached,26,boxScoreTraditional shape,
0021800239,2018-19,2018-11-19,BOS @ CHA,CHA,cached,485,"1,2,3,4",game.actions shape,cached,26,boxScoreTraditional shape,
0021800255,2018-19,2018-11-21,BOS vs. NYK,NYK,cached,529,"1,2,3,4",game.actions shape,cached,25,boxScoreTraditional shape,
0021800268,2018-19,2018-11-23,BOS @ ATL,ATL,cached,542,"1,2,3,4",game.actions shape,cached,26,boxScoreTraditional shape,
0021800283,2018-19,2018-11-24,BOS @ DAL,DAL,cached,484,"1,2,3,4",game.actions shape,cached,24,boxScoreTraditional shape,
0021800298,2018-19,2018-11-26,BOS @ NOP,NOP,cached,491,"1,2,3,4",game.actions shape,cached,26,boxScoreTraditional shape,
0021800319,2018-19,2018-11-30,BOS vs. CLE,CLE,cached,465,"1,2,3,4",game.actions shape,cached,24,boxScoreTraditional shape,
0021800335,2018-19,2018-12-01,BOS @ MIN,MIN,cached,477,"1,2,3,4",game.actions shape,cached,26,boxScoreTraditional shape,
0021800365,2018-19,2018-12-06,BOS vs. NYK,NYK,cached,493,"1,2,3,4",game.actions shape,cached,26,boxScoreTraditional shape,
0021800383,2018-19,2018-12-08,BOS @ CHI,CHI,cached,436,"1,2,3,4",game.actions shape,cached,24,boxScoreTraditional shape,
0021800393,2018-19,2018-12-10,BOS vs. NOP,NOP,cached,480,"1,2,3,4",game.actions shape,cached,24,boxScoreTraditional shape,
0021800409,2018-19,2018-12-12,BOS @ WAS,WAS,cached,543,"1,2,3,4,5",game.actions shape,cached,24,boxScoreTraditional shape,
0021800420,2018-19,2018-12-14,BOS vs. ATL,ATL,cached,555,"1,2,3,4",game.actions shape,cached,25,boxScoreTraditional shape,
0021800431,2018-19,2018-12-15,BOS @ DET,DET,cached,527,"1,2,3,4",game.actions shape,cached,23,boxScoreTraditional shape,
0021800458,2018-19,2018-12-19,BOS vs. PHX,PHX,cached,507,"1,2,3,4",game.actions shape,cached,24,boxScoreTraditional shape,
0021800473,2018-19,2018-12-21,BOS vs. MIL,MIL,cached,521,"1,2,3,4",game.actions shape,cached,24,boxScoreTraditional shape,
0021800488,2018-19,2018-12-23,BOS vs. CHA,CHA,cached,481,"1,2,3,4",game.actions shape,cached,26,boxScoreTraditional shape,
0021800499,2018-19,2018-12-25,BOS vs. PHI,PHI,cached,555,"1,2,3,4,5",game.actions shape,cached,26,boxScoreTraditional shape,
0021800512,2018-19,2018-12-27,BOS @ HOU,HOU,cached,497,"1,2,3,4",game.actions shape,cached,24,boxScoreTraditional shape,
0021800531,2018-19,2018-12-29,BOS @ MEM,MEM,cached,477,"1,2,3,4",game.actions shape,cached,25,boxScoreTraditional shape,
0021800545,2018-19,2018-12-31,BOS @ SAS,SAS,cached,459,"1,2,3,4",game.actions shape,cached,25,boxScoreTraditional shape,
0021800558,2018-19,2019-01-02,BOS vs. MIN,MIN,cached,437,"1,2,3,4",game.actions shape,cached,25,boxScoreTraditional shape,
0021800566,2018-19,2019-01-04,BOS vs. DAL,DAL,cached,484,"1,2,3,4",game.actions shape,cached,24,boxScoreTraditional shape,
0021800592,2018-19,2019-01-07,BOS vs. BKN,BKN,cached,471,"1,2,3,4",game.actions shape,cached,25,boxScoreTraditional shape,
0021800607,2018-19,2019-01-09,BOS vs. IND,IND,cached,492,"1,2,3,4",game.actions shape,cached,26,boxScoreTraditional shape,
0021800617,2018-19,2019-01-10,BOS @ MIA,MIA,cached,453,"1,2,3,4",game.actions shape,cached,26,boxScoreTraditional shape,
0021800632,2018-19,2019-01-12,BOS @ ORL,ORL,cached,488,"1,2,3,4",game.actions shape,cached,26,boxScoreTraditional shape,
0021800645,2018-19,2019-01-14,BOS @ BKN,BKN,cached,506,"1,2,3,4",game.actions shape,cached,24,boxScoreTraditional shape,
0021800658,2018-19,2019-01-16,BOS vs. TOR,TOR,cached,475,"1,2,3,4",game.actions shape,cached,26,boxScoreTraditional shape,
0021800671,2018-19,2019-01-18,BOS vs. MEM,MEM,cached,496,"1,2,3,4",game.actions shape,cached,25,boxScoreTraditional shape,
0021800683,2018-19,2019-01-19,BOS @ ATL,ATL,cached,509,"1,2,3,4",game.actions shape,cached,26,boxScoreTraditional shape,
0021800698,2018-19,2019-01-21,BOS vs. MIA,MIA,cached,468,"1,2,3,4",game.actions shape,cached,26,boxScoreTraditional shape,
0021800707,2018-19,2019-01-23,BOS vs. CLE,CLE,cached,480,"1,2,3,4",game.actions shape,cached,23,boxScoreTraditional shape,
0021800732,2018-19,2019-01-26,BOS vs. GSW,GSW,cached,501,"1,2,3,4",game.actions shape,cached,26,boxScoreTraditional shape,
0021800746,2018-19,2019-01-28,BOS vs. BKN,BKN,cached,532,"1,2,3,4",game.actions shape,cached,24,boxScoreTraditional shape,
0021800756,2018-19,2019-01-30,BOS vs. CHA,CHA,cached,434,"1,2,3,4",game.actions shape,cached,25,boxScoreTraditional shape,
0021800771,2018-19,2019-02-01,BOS @ NYK,NYK,cached,452,"1,2,3,4",game.actions shape,cached,24,boxScoreTraditional shape,
0021800788,2018-19,2019-02-03,BOS vs. OKC,OKC,cached,497,"1,2,3,4",game.actions shape,cached,24,boxScoreTraditional shape,
0021800797,2018-19,2019-02-05,BOS @ CLE,CLE,cached,439,"1,2,3,4",game.actions shape,cached,23,boxScoreTraditional shape,
0021800814,2018-19,2019-02-07,BOS vs. LAL,LAL,cached,482,"1,2,3,4",game.actions shape,cached,24,boxScoreTraditional shape,
0021800829,2018-19,2019-02-09,BOS vs. LAC,LAC,cached,546,"1,2,3,4",game.actions shape,cached,26,boxScoreTraditional shape,
0021800849,2018-19,2019-02-12,BOS @ PHI,PHI,cached,497,"1,2,3,4",game.actions shape,cached,26,boxScoreTraditional shape,
0021800855,2018-19,2019-02-13,BOS vs. DET,DET,cached,478,"1,2,3,4",game.actions shape,cached,24,boxScoreTraditional shape,
0021800870,2018-19,2019-02-21,BOS @ MIL,MIL,cached,482,"1,2,3,4",game.actions shape,cached,26,boxScoreTraditional shape,
0021800889,2018-19,2019-02-23,BOS @ CHI,CHI,cached,455,"1,2,3,4",game.actions shape,cached,24,boxScoreTraditional shape,
0021800909,2018-19,2019-02-26,BOS @ TOR,TOR,cached,488,"1,2,3,4",game.actions shape,cached,26,boxScoreTraditional shape,
0021800913,2018-19,2019-02-27,BOS vs. POR,POR,cached,463,"1,2,3,4",game.actions shape,cached,25,boxScoreTraditional shape,
0021800931,2018-19,2019-03-01,BOS vs. WAS,WAS,cached,490,"1,2,3,4",game.actions shape,cached,25,boxScoreTraditional shape,
0021800945,2018-19,2019-03-03,BOS vs. HOU,HOU,cached,476,"1,2,3,4",game.actions shape,cached,26,boxScoreTraditional shape,
0021800964,2018-19,2019-03-05,BOS @ GSW,GSW,cached,492,"1,2,3,4",game.actions shape,cached,25,boxScoreTraditional shape,
0021800973,2018-19,2019-03-06,BOS @ SAC,SAC,cached,470,"1,2,3,4",game.actions shape,cached,25,boxScoreTraditional shape,
0021800989,2018-19,2019-03-09,BOS @ LAL,LAL,cached,464,"1,2,3,4",game.actions shape,cached,25,boxScoreTraditional shape,
0021801006,2018-19,2019-03-11,BOS @ LAC,LAC,cached,487,"1,2,3,4",game.actions shape,cached,25,boxScoreTraditional shape,
0021801022,2018-19,2019-03-14,BOS vs. SAC,SAC,cached,510,"1,2,3,4",game.actions shape,cached,25,boxScoreTraditional shape,
0021801034,2018-19,2019-03-16,BOS vs. ATL,ATL,cached,561,"1,2,3,4",game.actions shape,cached,26,boxScoreTraditional shape,
0021801052,2018-19,2019-03-18,BOS vs. DEN,DEN,cached,493,"1,2,3,4",game.actions shape,cached,26,boxScoreTraditional shape,
0021801067,2018-19,2019-03-20,BOS @ PHI,PHI,cached,512,"1,2,3,4",game.actions shape,cached,26,boxScoreTraditional shape,
0021801087,2018-19,2019-03-23,BOS @ CHA,CHA,cached,501,"1,2,3,4",game.actions shape,cached,25,boxScoreTraditional shape,
0021801100,2018-19,2019-03-24,BOS vs. SAS,SAS,cached,458,"1,2,3,4",game.actions shape,cached,26,boxScoreTraditional shape,
0021801108,2018-19,2019-03-26,BOS @ CLE,CLE,cached,466,"1,2,3,4",game.actions shape,cached,26,boxScoreTraditional shape,
0021801130,2018-19,2019-03-29,BOS vs. IND,IND,cached,480,"1,2,3,4",game.actions shape,cached,26,boxScoreTraditional shape,
0021801137,2018-19,2019-03-30,BOS @ BKN,BKN,cached,488,"1,2,3,4",game.actions shape,cached,26,boxScoreTraditional shape,
0021801153,2018-19,2019-04-01,BOS vs. MIA,MIA,cached,486,"1,2,3,4",game.actions shape,cached,26,boxScoreTraditional shape,
0021801170,2018-19,2019-04-03,BOS @ MIA,MIA,cached,509,"1,2,3,4",game.actions shape,cached,26,boxScoreTraditional shape,
0021801183,2018-19,2019-04-05,BOS @ IND,IND,cached,472,"1,2,3,4",game.actions shape,cached,26,boxScoreTraditional shape,
0021801203,2018-19,2019-04-07,BOS vs. ORL,ORL,cached,474,"1,2,3,4",game.actions shape,cached,26,boxScoreTraditional shape,
0021801211,2018-19,2019-04-09,BOS @ WAS,WAS,cached,490,"1,2,3,4",game.actions shape,cached,24,boxScoreTraditional shape,
0021900008,2019-20,2019-10-23,BOS @ PHI,PHI,cached,575,"1,2,3,4",game.actions shape,cached,26,boxScoreTraditional shape,
0021900017,2019-20,2019-10-25,BOS vs. TOR,TOR,cached,513,"1,2,3,4",game.actions shape,cached,26,boxScoreTraditional shape,
0021900029,2019-20,2019-10-26,BOS @ NYK,NYK,cached,564,"1,2,3,4",game.actions shape,cached,26,boxScoreTraditional shape,
0021900058,2019-20,2019-10-30,BOS vs. MIL,MIL,cached,497,"1,2,3,4",game.actions shape,cached,26,boxScoreTraditional shape,
0021900072,2019-20,2019-11-01,BOS vs. NYK,NYK,cached,501,"1,2,3,4",game.actions shape,cached,25,boxScoreTraditional shape,
0021900098,2019-20,2019-11-05,BOS @ CLE,CLE,cached,478,"1,2,3,4",game.actions shape,cached,25,boxScoreTraditional shape,
0021900112,2019-20,2019-11-07,BOS @ CHA,CHA,cached,524,"1,2,3,4",game.actions shape,cached,26,boxScoreTraditional shape,
0021900127,2019-20,2019-11-09,BOS @ SAS,SAS,cached,557,"1,2,3,4",game.actions shape,cached,26,boxScoreTraditional shape,
0021900141,2019-20,2019-11-11,BOS vs. DAL,DAL,cached,498,"1,2,3,4",game.actions shape,cached,26,boxScoreTraditional shape,
0021900156,2019-20,2019-11-13,BOS vs. WAS,WAS,cached,509,"1,2,3,4",game.actions shape,cached,24,boxScoreTraditional shape,
0021900173,2019-20,2019-11-15,BOS @ GSW,GSW,cached,525,"1,2,3,4",game.actions shape,cached,24,boxScoreTraditional shape,
0021900184,2019-20,2019-11-17,BOS @ SAC,SAC,cached,464,"1,2,3,4",game.actions shape,cached,26,boxScoreTraditional shape,
0021900195,2019-20,2019-11-18,BOS @ PHX,PHX,cached,486,"1,2,3,4",game.actions shape,cached,26,boxScoreTraditional shape,
0021900212,2019-20,2019-11-20,BOS @ LAC,LAC,cached,569,"1,2,3,4,5",game.actions shape,cached,26,boxScoreTraditional shape,
0021900222,2019-20,2019-11-22,BOS @ DEN,DEN,cached,480,"1,2,3,4",game.actions shape,cached,25,boxScoreTraditional shape,
0021900244,2019-20,2019-11-25,BOS vs. SAC,SAC,cached,454,"1,2,3,4",game.actions shape,cached,25,boxScoreTraditional shape,
0021900253,2019-20,2019-11-27,BOS vs. BKN,BKN,cached,520,"1,2,3,4",game.actions shape,cached,26,boxScoreTraditional shape,
0021900267,2019-20,2019-11-29,BOS @ BKN,BKN,cached,518,"1,2,3,4",game.actions shape,cached,26,boxScoreTraditional shape,
0021900285,2019-20,2019-12-01,BOS @ NYK,NYK,cached,510,"1,2,3,4",game.actions shape,cached,26,boxScoreTraditional shape,
0021900310,2019-20,2019-12-04,BOS vs. MIA,MIA,cached,465,"1,2,3,4",game.actions shape,cached,26,boxScoreTraditional shape,
0021900323,2019-20,2019-12-06,BOS vs. DEN,DEN,cached,457,"1,2,3,4",game.actions shape,cached,25,boxScoreTraditional shape,
0021900344,2019-20,2019-12-09,BOS vs. CLE,CLE,cached,455,"1,2,3,4",game.actions shape,cached,25,boxScoreTraditional shape,
0021900357,2019-20,2019-12-11,BOS @ IND,IND,cached,513,"1,2,3,4",game.actions shape,cached,26,boxScoreTraditional shape,
0021900367,2019-20,2019-12-12,BOS vs. PHI,PHI,cached,482,"1,2,3,4",game.actions shape,cached,26,boxScoreTraditional shape,
0021900413,2019-20,2019-12-18,BOS @ DAL,DAL,cached,522,"1,2,3,4",game.actions shape,cached,24,boxScoreTraditional shape,
0021900422,2019-20,2019-12-20,BOS vs. DET,DET,cached,496,"1,2,3,4",game.actions shape,cached,22,boxScoreTraditional shape,
0021900440,2019-20,2019-12-22,BOS vs. CHA,CHA,cached,462,"1,2,3,4",game.actions shape,cached,24,boxScoreTraditional shape,
0021900455,2019-20,2019-12-25,BOS @ TOR,TOR,cached,478,"1,2,3,4",game.actions shape,cached,25,boxScoreTraditional shape,
0021900466,2019-20,2019-12-27,BOS vs. CLE,CLE,cached,483,"1,2,3,4",game.actions shape,cached,26,boxScoreTraditional shape,
0021900473,2019-20,2019-12-28,BOS vs. TOR,TOR,cached,503,"1,2,3,4",game.actions shape,cached,25,boxScoreTraditional shape,
0021900497,2019-20,2019-12-31,BOS @ CHA,CHA,cached,488,"1,2,3,4",game.actions shape,cached,24,boxScoreTraditional shape,
0021900517,2019-20,2020-01-03,BOS vs. ATL,ATL,cached,512,"1,2,3,4",game.actions shape,cached,25,boxScoreTraditional shape,
0021900529,2019-20,2020-01-04,BOS @ CHI,CHI,cached,498,"1,2,3,4",game.actions shape,cached,26,boxScoreTraditional shape,
0021900542,2019-20,2020-01-06,BOS @ WAS,WAS,cached,520,"1,2,3,4",game.actions shape,cached,24,boxScoreTraditional shape,
0021900554,2019-20,2020-01-08,BOS vs. SAS,SAS,cached,502,"1,2,3,4",game.actions shape,cached,26,boxScoreTraditional shape,
0021900564,2019-20,2020-01-09,BOS @ PHI,PHI,cached,449,"1,2,3,4",game.actions shape,cached,26,boxScoreTraditional shape,
0021900578,2019-20,2020-01-11,BOS vs. NOP,NOP,cached,497,"1,2,3,4",game.actions shape,cached,25,boxScoreTraditional shape,
0021900593,2019-20,2020-01-13,BOS vs. CHI,CHI,cached,483,"1,2,3,4",game.actions shape,cached,25,boxScoreTraditional shape,
0021900604,2019-20,2020-01-15,BOS vs. DET,DET,cached,443,"1,2,3,4",game.actions shape,cached,24,boxScoreTraditional shape,
0021900615,2019-20,2020-01-16,BOS @ MIL,MIL,cached,538,"1,2,3,4",game.actions shape,cached,25,boxScoreTraditional shape,
0021900628,2019-20,2020-01-18,BOS vs. PHX,PHX,cached,517,"1,2,3,4",game.actions shape,cached,25,boxScoreTraditional shape,
0021900648,2019-20,2020-01-20,BOS vs. LAL,LAL,cached,529,"1,2,3,4",game.actions shape,cached,26,boxScoreTraditional shape,
0021900657,2019-20,2020-01-22,BOS vs. MEM,MEM,cached,464,"1,2,3,4",game.actions shape,cached,24,boxScoreTraditional shape,
0021900671,2019-20,2020-01-24,BOS @ ORL,ORL,cached,468,"1,2,3,4",game.actions shape,cached,24,boxScoreTraditional shape,
0021900691,2019-20,2020-01-26,BOS @ NOP,NOP,cached,515,"1,2,3,4",game.actions shape,cached,26,boxScoreTraditional shape,
0021900701,2019-20,2020-01-28,BOS @ MIA,MIA,cached,500,"1,2,3,4",game.actions shape,cached,26,boxScoreTraditional shape,
0021900717,2019-20,2020-01-30,BOS vs. GSW,GSW,cached,502,"1,2,3,4",game.actions shape,cached,24,boxScoreTraditional shape,
0021900732,2019-20,2020-02-01,BOS vs. PHI,PHI,cached,516,"1,2,3,4",game.actions shape,cached,25,boxScoreTraditional shape,
0021900745,2019-20,2020-02-03,BOS @ ATL,ATL,cached,479,"1,2,3,4",game.actions shape,cached,24,boxScoreTraditional shape,
0021900756,2019-20,2020-02-05,BOS vs. ORL,ORL,cached,474,"1,2,3,4",game.actions shape,cached,25,boxScoreTraditional shape,
0021900771,2019-20,2020-02-07,BOS vs. ATL,ATL,cached,506,"1,2,3,4",game.actions shape,cached,23,boxScoreTraditional shape,
0021900786,2019-20,2020-02-09,BOS @ OKC,OKC,cached,495,"1,2,3,4",game.actions shape,cached,26,boxScoreTraditional shape,
0021900806,2019-20,2020-02-11,BOS @ HOU,HOU,cached,521,"1,2,3,4",game.actions shape,cached,26,boxScoreTraditional shape,
0021900818,2019-20,2020-02-13,BOS vs. LAC,LAC,cached,638,"1,2,3,4,5,6",game.actions shape,cached,26,boxScoreTraditional shape,
0021900830,2019-20,2020-02-21,BOS @ MIN,MIN,cached,545,"1,2,3,4",game.actions shape,cached,25,boxScoreTraditional shape,
0021900842,2019-20,2020-02-23,BOS @ LAL,LAL,cached,532,"1,2,3,4",game.actions shape,cached,26,boxScoreTraditional shape,
0021900862,2019-20,2020-02-25,BOS @ POR,POR,cached,472,"1,2,3,4",game.actions shape,cached,25,boxScoreTraditional shape,
0021900872,2019-20,2020-02-26,BOS @ UTA,UTA,cached,430,"1,2,3,4",game.actions shape,cached,26,boxScoreTraditional shape,
0021900892,2019-20,2020-02-29,BOS vs. HOU,HOU,cached,552,"1,2,3,4,5",game.actions shape,cached,26,boxScoreTraditional shape,
0021900910,2019-20,2020-03-03,BOS vs. BKN,BKN,cached,599,"1,2,3,4,5",game.actions shape,cached,26,boxScoreTraditional shape,
0021900917,2019-20,2020-03-04,BOS @ CLE,CLE,cached,471,"1,2,3,4",game.actions shape,cached,24,boxScoreTraditional shape,
0021900933,2019-20,2020-03-06,BOS vs. UTA,UTA,cached,471,"1,2,3,4",game.actions shape,cached,24,boxScoreTraditional shape,
0021900949,2019-20,2020-03-08,BOS vs. OKC,OKC,cached,515,"1,2,3,4",game.actions shape,cached,23,boxScoreTraditional shape,
0021900960,2019-20,2020-03-10,BOS @ IND,IND,cached,479,"1,2,3,4",game.actions shape,cached,25,boxScoreTraditional shape,
0021901236,2019-20,2020-07-31,BOS @ MIL,MIL,cached,556,"1,2,3,4",game.actions shape,cached,26,boxScoreTraditional shape,
0021901245,2019-20,2020-08-02,BOS vs. POR,POR,cached,476,"1,2,3,4",game.actions shape,cached,25,boxScoreTraditional shape,
0021901260,2019-20,2020-08-04,BOS @ MIA,MIA,cached,514,"1,2,3,4",game.actions shape,cached,26,boxScoreTraditional shape,
0021901267,2019-20,2020-08-05,BOS vs. BKN,BKN,cached,503,"1,2,3,4",game.actions shape,cached,26,boxScoreTraditional shape,
0021901279,2019-20,2020-08-07,BOS @ TOR,TOR,cached,488,"1,2,3,4",game.actions shape,cached,26,boxScoreTraditional shape,
0021901288,2019-20,2020-08-09,BOS vs. ORL,ORL,cached,554,"1,2,3,4,5",game.actions shape,cached,25,boxScoreTraditional shape,
0021901301,2019-20,2020-08-11,BOS @ MEM,MEM,cached,512,"1,2,3,4",game.actions shape,cached,26,boxScoreTraditional shape,
0021901308,2019-20,2020-08-13,BOS vs. WAS,WAS,cached,498,"1,2,3,4",game.actions shape,cached,25,boxScoreTraditional shape,
0022000003,2020-21,2020-12-23,BOS vs. MIL,MIL,cached,496,"1,2,3,4",game.actions shape,cached,29,boxScoreTraditional shape,
0022000007,2020-21,2020-12-25,BOS vs. BKN,BKN,cached,517,"1,2,3,4",game.actions shape,cached,28,boxScoreTraditional shape,
0022000037,2020-21,2020-12-27,BOS @ IND,IND,cached,473,"1,2,3,4",game.actions shape,cached,26,boxScoreTraditional shape,
0022000048,2020-21,2020-12-29,BOS @ IND,IND,cached,477,"1,2,3,4",game.actions shape,cached,28,boxScoreTraditional shape,
0022000056,2020-21,2020-12-30,BOS vs. MEM,MEM,cached,508,"1,2,3,4",game.actions shape,cached,25,boxScoreTraditional shape,
0022000070,2020-21,2021-01-01,BOS @ DET,DET,cached,499,"1,2,3,4",game.actions shape,cached,29,boxScoreTraditional shape,
0022000085,2020-21,2021-01-03,BOS @ DET,DET,cached,468,"1,2,3,4",game.actions shape,cached,29,boxScoreTraditional shape,
0022000097,2020-21,2021-01-04,BOS @ TOR,TOR,cached,538,"1,2,3,4",game.actions shape,cached,27,boxScoreTraditional shape,
0022000111,2020-21,2021-01-06,BOS @ MIA,MIA,cached,472,"1,2,3,4",game.actions shape,cached,28,boxScoreTraditional shape,
0022000124,2020-21,2021-01-08,BOS vs. WAS,WAS,cached,505,"1,2,3,4",game.actions shape,cached,27,boxScoreTraditional shape,
0022000180,2020-21,2021-01-15,BOS vs. ORL,ORL,cached,474,"1,2,3,4",game.actions shape,cached,24,boxScoreTraditional shape,
0022000196,2020-21,2021-01-17,BOS vs. NYK,NYK,cached,515,"1,2,3,4",game.actions shape,cached,27,boxScoreTraditional shape,
0022000218,2020-21,2021-01-20,BOS @ PHI,PHI,cached,502,"1,2,3,4",game.actions shape,cached,27,boxScoreTraditional shape,
0022000233,2020-21,2021-01-22,BOS @ PHI,PHI,cached,487,"1,2,3,4",game.actions shape,cached,27,boxScoreTraditional shape,
0022000250,2020-21,2021-01-24,BOS vs. CLE,CLE,cached,531,"1,2,3,4",game.actions shape,cached,26,boxScoreTraditional shape,
0022000262,2020-21,2021-01-25,BOS @ CHI,CHI,cached,465,"1,2,3,4",game.actions shape,cached,29,boxScoreTraditional shape,
0022000280,2020-21,2021-01-27,BOS @ SAS,SAS,cached,473,"1,2,3,4",game.actions shape,cached,28,boxScoreTraditional shape,
0022000302,2020-21,2021-01-30,BOS vs. LAL,LAL,cached,450,"1,2,3,4",game.actions shape,cached,28,boxScoreTraditional shape,
0022000326,2020-21,2021-02-02,BOS @ GSW,GSW,cached,483,"1,2,3,4",game.actions shape,cached,26,boxScoreTraditional shape,
0022000336,2020-21,2021-02-03,BOS @ SAC,SAC,cached,493,"1,2,3,4",game.actions shape,cached,26,boxScoreTraditional shape,
0022000350,2020-21,2021-02-05,BOS @ LAC,LAC,cached,466,"1,2,3,4",game.actions shape,cached,26,boxScoreTraditional shape,
0022000365,2020-21,2021-02-07,BOS @ PHX,PHX,cached,425,"1,2,3,4",game.actions shape,cached,29,boxScoreTraditional shape,
0022000379,2020-21,2021-02-09,BOS @ UTA,UTA,cached,474,"1,2,3,4",game.actions shape,cached,27,boxScoreTraditional shape,
0022000398,2020-21,2021-02-11,BOS vs. TOR,TOR,cached,504,"1,2,3,4",game.actions shape,cached,26,boxScoreTraditional shape,
0022000412,2020-21,2021-02-12,BOS vs. DET,DET,cached,493,"1,2,3,4",game.actions shape,cached,25,boxScoreTraditional shape,
0022000560,2020-21,2021-02-14,BOS @ WAS,WAS,cached,543,"1,2,3,4",game.actions shape,cached,28,boxScoreTraditional shape,
0022000427,2020-21,2021-02-16,BOS vs. DEN,DEN,cached,465,"1,2,3,4",game.actions shape,cached,26,boxScoreTraditional shape,
0022000438,2020-21,2021-02-17,BOS vs. ATL,ATL,cached,490,"1,2,3,4",game.actions shape,cached,25,boxScoreTraditional shape,
0022000451,2020-21,2021-02-19,BOS vs. ATL,ATL,cached,495,"1,2,3,4",game.actions shape,cached,27,boxScoreTraditional shape,
0022000465,2020-21,2021-02-21,BOS @ NOP,NOP,cached,602,"1,2,3,4,5",game.actions shape,cached,29,boxScoreTraditional shape,
0022000485,2020-21,2021-02-23,BOS @ DAL,DAL,cached,461,"1,2,3,4",game.actions shape,cached,27,boxScoreTraditional shape,
0022000490,2020-21,2021-02-24,BOS @ ATL,ATL,cached,473,"1,2,3,4",game.actions shape,cached,27,boxScoreTraditional shape,
0022000505,2020-21,2021-02-26,BOS vs. IND,IND,cached,486,"1,2,3,4",game.actions shape,cached,27,boxScoreTraditional shape,
0022000524,2020-21,2021-02-28,BOS vs. WAS,WAS,cached,515,"1,2,3,4",game.actions shape,cached,28,boxScoreTraditional shape,
0022000537,2020-21,2021-03-02,BOS vs. LAC,LAC,cached,443,"1,2,3,4",game.actions shape,cached,27,boxScoreTraditional shape,
0022000552,2020-21,2021-03-04,BOS vs. TOR,TOR,cached,468,"1,2,3,4",game.actions shape,cached,27,boxScoreTraditional shape,
0022000569,2020-21,2021-03-11,BOS @ BKN,BKN,cached,499,"1,2,3,4",game.actions shape,cached,27,boxScoreTraditional shape,
0022000598,2020-21,2021-03-14,BOS @ HOU,HOU,cached,497,"1,2,3,4",game.actions shape,cached,27,boxScoreTraditional shape,
0022000609,2020-21,2021-03-16,BOS vs. UTA,UTA,cached,466,"1,2,3,4",game.actions shape,cached,30,boxScoreTraditional shape,
0022000620,2020-21,2021-03-17,BOS @ CLE,CLE,cached,496,"1,2,3,4",game.actions shape,cached,27,boxScoreTraditional shape,
0022000631,2020-21,2021-03-19,BOS vs. SAC,SAC,cached,460,"1,2,3,4",game.actions shape,cached,28,boxScoreTraditional shape,
0022000167,2020-21,2021-03-21,BOS vs. ORL,ORL,cached,461,"1,2,3,4",game.actions shape,cached,27,boxScoreTraditional shape,
0022000658,2020-21,2021-03-22,BOS @ MEM,MEM,cached,513,"1,2,3,4,5",game.actions shape,cached,29,boxScoreTraditional shape,
0022000669,2020-21,2021-03-24,BOS @ MIL,MIL,cached,480,"1,2,3,4",game.actions shape,cached,28,boxScoreTraditional shape,
0022000685,2020-21,2021-03-26,BOS @ MIL,MIL,cached,482,"1,2,3,4",game.actions shape,cached,25,boxScoreTraditional shape,
0022000699,2020-21,2021-03-27,BOS @ OKC,OKC,cached,480,"1,2,3,4",game.actions shape,cached,24,boxScoreTraditional shape,
0022000708,2020-21,2021-03-29,BOS vs. NOP,NOP,cached,506,"1,2,3,4",game.actions shape,cached,27,boxScoreTraditional shape,
0022000723,2020-21,2021-03-31,BOS vs. DAL,DAL,cached,483,"1,2,3,4",game.actions shape,cached,28,boxScoreTraditional shape,
0022000738,2020-21,2021-04-02,BOS vs. HOU,HOU,cached,473,"1,2,3,4",game.actions shape,cached,27,boxScoreTraditional shape,
0022000757,2020-21,2021-04-04,BOS vs. CHA,CHA,cached,465,"1,2,3,4",game.actions shape,cached,29,boxScoreTraditional shape,
0022000771,2020-21,2021-04-06,BOS vs. PHI,PHI,cached,467,"1,2,3,4",game.actions shape,cached,30,boxScoreTraditional shape,
0022000778,2020-21,2021-04-07,BOS vs. NYK,NYK,cached,478,"1,2,3,4",game.actions shape,cached,30,boxScoreTraditional shape,
0022000792,2020-21,2021-04-09,BOS vs. MIN,MIN,cached,545,"1,2,3,4,5",game.actions shape,cached,28,boxScoreTraditional shape,
0022000806,2020-21,2021-04-11,BOS @ DEN,DEN,cached,490,"1,2,3,4",game.actions shape,cached,29,boxScoreTraditional shape,
0022000828,2020-21,2021-04-13,BOS @ POR,POR,cached,484,"1,2,3,4",game.actions shape,cached,29,boxScoreTraditional shape,
0022000842,2020-21,2021-04-15,BOS @ LAL,LAL,cached,476,"1,2,3,4",game.actions shape,cached,28,boxScoreTraditional shape,
0022000858,2020-21,2021-04-17,BOS vs. GSW,GSW,cached,476,"1,2,3,4",game.actions shape,cached,27,boxScoreTraditional shape,
0022000869,2020-21,2021-04-19,BOS vs. CHI,CHI,cached,459,"1,2,3,4",game.actions shape,cached,29,boxScoreTraditional shape,
0022000892,2020-21,2021-04-22,BOS vs. PHX,PHX,cached,467,"1,2,3,4",game.actions shape,cached,29,boxScoreTraditional shape,
0022000899,2020-21,2021-04-23,BOS @ BKN,BKN,cached,530,"1,2,3,4",game.actions shape,cached,26,boxScoreTraditional shape,
0022000911,2020-21,2021-04-25,BOS @ CHA,CHA,cached,487,"1,2,3,4",game.actions shape,cached,28,boxScoreTraditional shape,
0022000927,2020-21,2021-04-27,BOS vs. OKC,OKC,cached,566,"1,2,3,4",game.actions shape,cached,26,boxScoreTraditional shape,
0022000936,2020-21,2021-04-28,BOS vs. CHA,CHA,cached,508,"1,2,3,4",game.actions shape,cached,29,boxScoreTraditional shape,
0022000950,2020-21,2021-04-30,BOS vs. SAS,SAS,cached,575,"1,2,3,4,5",game.actions shape,cached,28,boxScoreTraditional shape,
0022000968,2020-21,2021-05-02,BOS vs. POR,POR,cached,476,"1,2,3,4",game.actions shape,cached,30,boxScoreTraditional shape,
0022000990,2020-21,2021-05-05,BOS @ ORL,ORL,cached,479,"1,2,3,4",game.actions shape,cached,26,boxScoreTraditional shape,
0022000160,2020-21,2021-05-07,BOS @ CHI,CHI,cached,499,"1,2,3,4",game.actions shape,cached,30,boxScoreTraditional shape,
0022000145,2020-21,2021-05-09,BOS vs. MIA,MIA,cached,443,"1,2,3,4",game.actions shape,cached,30,boxScoreTraditional shape,
0022001032,2020-21,2021-05-11,BOS vs. MIA,MIA,cached,449,"1,2,3,4",game.actions shape,cached,30,boxScoreTraditional shape,
0022001044,2020-21,2021-05-12,BOS @ CLE,CLE,cached,499,"1,2,3,4",game.actions shape,cached,25,boxScoreTraditional shape,
0022001063,2020-21,2021-05-15,BOS @ MIN,MIN,cached,525,"1,2,3,4",game.actions shape,cached,25,boxScoreTraditional shape,
0022001073,2020-21,2021-05-16,BOS @ NYK,NYK,cached,453,"1,2,3,4",game.actions shape,cached,27,boxScoreTraditional shape,
0022100005,2021-22,2021-10-20,BOS @ NYK,NYK,cached,616,"1,2,3,4,5,6",game.actions shape,cached,29,boxScoreTraditional shape,
0022100020,2021-22,2021-10-22,BOS vs. TOR,TOR,cached,509,"1,2,3,4",game.actions shape,cached,30,boxScoreTraditional shape,
0022100037,2021-22,2021-10-24,BOS @ HOU,HOU,cached,477,"1,2,3,4",game.actions shape,cached,27,boxScoreTraditional shape,
0022100041,2021-22,2021-10-25,BOS @ CHA,CHA,cached,568,"1,2,3,4,5",game.actions shape,cached,26,boxScoreTraditional shape,
0022100056,2021-22,2021-10-27,BOS vs. WAS,WAS,cached,500,"1,2,3,4",game.actions shape,cached,26,boxScoreTraditional shape,
0022100078,2021-22,2021-10-30,BOS @ WAS,WAS,cached,616,"1,2,3,4,5,6",game.actions shape,cached,24,boxScoreTraditional shape,
0022100098,2021-22,2021-11-01,BOS vs. CHI,CHI,cached,483,"1,2,3,4",game.actions shape,cached,28,boxScoreTraditional shape,
0022100110,2021-22,2021-11-03,BOS @ ORL,ORL,cached,483,"1,2,3,4",game.actions shape,cached,27,boxScoreTraditional shape,
0022100121,2021-22,2021-11-04,BOS @ MIA,MIA,cached,472,"1,2,3,4",game.actions shape,cached,26,boxScoreTraditional shape,
0022100136,2021-22,2021-11-06,BOS @ DAL,DAL,cached,430,"1,2,3,4",game.actions shape,cached,29,boxScoreTraditional shape,
0022100160,2021-22,2021-11-10,BOS vs. TOR,TOR,cached,479,"1,2,3,4",game.actions shape,cached,26,boxScoreTraditional shape,
0022100175,2021-22,2021-11-12,BOS vs. MIL,MIL,cached,495,"1,2,3,4,5",game.actions shape,cached,25,boxScoreTraditional shape,
0022100190,2021-22,2021-11-13,BOS @ CLE,CLE,cached,457,"1,2,3,4",game.actions shape,cached,25,boxScoreTraditional shape,
0022100199,2021-22,2021-11-15,BOS @ CLE,CLE,cached,459,"1,2,3,4",game.actions shape,cached,26,boxScoreTraditional shape,
0022100215,2021-22,2021-11-17,BOS @ ATL,ATL,cached,451,"1,2,3,4",game.actions shape,cached,29,boxScoreTraditional shape,
0022100232,2021-22,2021-11-19,BOS vs. LAL,LAL,cached,500,"1,2,3,4",game.actions shape,cached,25,boxScoreTraditional shape,
0022100243,2021-22,2021-11-20,BOS vs. OKC,OKC,cached,461,"1,2,3,4",game.actions shape,cached,27,boxScoreTraditional shape,
0022100256,2021-22,2021-11-22,BOS vs. HOU,HOU,cached,493,"1,2,3,4",game.actions shape,cached,28,boxScoreTraditional shape,
0022100270,2021-22,2021-11-24,BOS vs. BKN,BKN,cached,497,"1,2,3,4",game.actions shape,cached,25,boxScoreTraditional shape,
0022100287,2021-22,2021-11-26,BOS @ SAS,SAS,cached,492,"1,2,3,4",game.actions shape,cached,26,boxScoreTraditional shape,
0022100302,2021-22,2021-11-28,BOS @ TOR,TOR,cached,500,"1,2,3,4",game.actions shape,cached,24,boxScoreTraditional shape,
0022100322,2021-22,2021-12-01,BOS vs. PHI,PHI,cached,457,"1,2,3,4",game.actions shape,cached,27,boxScoreTraditional shape,
0022100339,2021-22,2021-12-03,BOS @ UTA,UTA,cached,465,"1,2,3,4",game.actions shape,cached,27,boxScoreTraditional shape,
0022100347,2021-22,2021-12-04,BOS @ POR,POR,cached,480,"1,2,3,4",game.actions shape,cached,25,boxScoreTraditional shape,
0022100365,2021-22,2021-12-07,BOS @ LAL,LAL,cached,481,"1,2,3,4",game.actions shape,cached,25,boxScoreTraditional shape,
0022100378,2021-22,2021-12-08,BOS @ LAC,LAC,cached,511,"1,2,3,4",game.actions shape,cached,24,boxScoreTraditional shape,
0022100390,2021-22,2021-12-10,BOS @ PHX,PHX,cached,503,"1,2,3,4",game.actions shape,cached,25,boxScoreTraditional shape,
0022100408,2021-22,2021-12-13,BOS vs. MIL,MIL,cached,459,"1,2,3,4",game.actions shape,cached,27,boxScoreTraditional shape,
0022100435,2021-22,2021-12-17,BOS vs. GSW,GSW,cached,519,"1,2,3,4",game.actions shape,cached,25,boxScoreTraditional shape,
0022100445,2021-22,2021-12-18,BOS vs. NYK,NYK,cached,470,"1,2,3,4",game.actions shape,cached,22,boxScoreTraditional shape,
0022100457,2021-22,2021-12-20,BOS vs. PHI,PHI,cached,484,"1,2,3,4",game.actions shape,cached,23,boxScoreTraditional shape,
0022100471,2021-22,2021-12-22,BOS vs. CLE,CLE,cached,509,"1,2,3,4",game.actions shape,cached,25,boxScoreTraditional shape,
0022100489,2021-22,2021-12-25,BOS @ MIL,MIL,cached,526,"1,2,3,4",game.actions shape,cached,27,boxScoreTraditional shape,
0022100503,2021-22,2021-12-27,BOS @ MIN,MIN,cached,503,"1,2,3,4",game.actions shape,cached,24,boxScoreTraditional shape,
0022100518,2021-22,2021-12-29,BOS vs. LAC,LAC,cached,474,"1,2,3,4",game.actions shape,cached,25,boxScoreTraditional shape,
0022100529,2021-22,2021-12-31,BOS vs. PHX,PHX,cached,495,"1,2,3,4",game.actions shape,cached,28,boxScoreTraditional shape,
0022100546,2021-22,2022-01-02,BOS vs. ORL,ORL,cached,535,"1,2,3,4,5",game.actions shape,cached,26,boxScoreTraditional shape,
0022100570,2021-22,2022-01-05,BOS vs. SAS,SAS,cached,447,"1,2,3,4",game.actions shape,cached,29,boxScoreTraditional shape,
0022100578,2021-22,2022-01-06,BOS @ NYK,NYK,cached,441,"1,2,3,4",game.actions shape,cached,27,boxScoreTraditional shape,
0022100595,2021-22,2022-01-08,BOS vs. NYK,NYK,cached,434,"1,2,3,4",game.actions shape,cached,25,boxScoreTraditional shape,
0022100609,2021-22,2022-01-10,BOS vs. IND,IND,cached,550,"1,2,3,4,5",game.actions shape,cached,27,boxScoreTraditional shape,
0022100618,2021-22,2022-01-12,BOS @ IND,IND,cached,469,"1,2,3,4",game.actions shape,cached,28,boxScoreTraditional shape,
0022100635,2021-22,2022-01-14,BOS @ PHI,PHI,cached,461,"1,2,3,4",game.actions shape,cached,27,boxScoreTraditional shape,
0022100647,2021-22,2022-01-15,BOS vs. CHI,CHI,cached,438,"1,2,3,4",game.actions shape,cached,25,boxScoreTraditional shape,
0022100654,2021-22,2022-01-17,BOS vs. NOP,NOP,cached,448,"1,2,3,4",game.actions shape,cached,27,boxScoreTraditional shape,
0022100671,2021-22,2022-01-19,BOS vs. CHA,CHA,cached,467,"1,2,3,4",game.actions shape,cached,27,boxScoreTraditional shape,
0022100688,2021-22,2022-01-21,BOS vs. POR,POR,cached,477,"1,2,3,4",game.actions shape,cached,24,boxScoreTraditional shape,
0022100699,2021-22,2022-01-23,BOS @ WAS,WAS,cached,478,"1,2,3,4",game.actions shape,cached,26,boxScoreTraditional shape,
0022100717,2021-22,2022-01-25,BOS vs. SAC,SAC,cached,477,"1,2,3,4",game.actions shape,cached,27,boxScoreTraditional shape,
0022100737,2021-22,2022-01-28,BOS @ ATL,ATL,cached,513,"1,2,3,4",game.actions shape,cached,29,boxScoreTraditional shape,
0022100745,2021-22,2022-01-29,BOS @ NOP,NOP,cached,443,"1,2,3,4",game.actions shape,cached,25,boxScoreTraditional shape,
0022100762,2021-22,2022-01-31,BOS vs. MIA,MIA,cached,467,"1,2,3,4",game.actions shape,cached,25,boxScoreTraditional shape,
0022100775,2021-22,2022-02-02,BOS vs. CHA,CHA,cached,477,"1,2,3,4",game.actions shape,cached,25,boxScoreTraditional shape,
0022100788,2021-22,2022-02-04,BOS @ DET,DET,cached,509,"1,2,3,4",game.actions shape,cached,24,boxScoreTraditional shape,
0022100806,2021-22,2022-02-06,BOS @ ORL,ORL,cached,485,"1,2,3,4",game.actions shape,cached,25,boxScoreTraditional shape,
0022100817,2021-22,2022-02-08,BOS @ BKN,BKN,cached,474,"1,2,3,4",game.actions shape,cached,25,boxScoreTraditional shape,
0022100842,2021-22,2022-02-11,BOS vs. DEN,DEN,cached,531,"1,2,3,4",game.actions shape,cached,25,boxScoreTraditional shape,
0022100856,2021-22,2022-02-13,BOS vs. ATL,ATL,cached,476,"1,2,3,4",game.actions shape,cached,27,boxScoreTraditional shape,
0022100869,2021-22,2022-02-15,BOS @ PHI,PHI,cached,466,"1,2,3,4",game.actions shape,cached,25,boxScoreTraditional shape,
0022100875,2021-22,2022-02-16,BOS vs. DET,DET,cached,445,"1,2,3,4",game.actions shape,cached,22,boxScoreTraditional shape,
0022100890,2021-22,2022-02-24,BOS @ BKN,BKN,cached,488,"1,2,3,4",game.actions shape,cached,27,boxScoreTraditional shape,
0022100905,2021-22,2022-02-26,BOS @ DET,DET,cached,475,"1,2,3,4",game.actions shape,cached,26,boxScoreTraditional shape,
0022100914,2021-22,2022-02-27,BOS @ IND,IND,cached,482,"1,2,3,4",game.actions shape,cached,25,boxScoreTraditional shape,
0022100927,2021-22,2022-03-01,BOS vs. ATL,ATL,cached,453,"1,2,3,4",game.actions shape,cached,27,boxScoreTraditional shape,
0022100940,2021-22,2022-03-03,BOS vs. MEM,MEM,cached,458,"1,2,3,4",game.actions shape,cached,26,boxScoreTraditional shape,
0022100960,2021-22,2022-03-06,BOS vs. BKN,BKN,cached,490,"1,2,3,4",game.actions shape,cached,27,boxScoreTraditional shape,
0022100981,2021-22,2022-03-09,BOS @ CHA,CHA,cached,493,"1,2,3,4",game.actions shape,cached,26,boxScoreTraditional shape,
0022100997,2021-22,2022-03-11,BOS vs. DET,DET,cached,482,"1,2,3,4",game.actions shape,cached,25,boxScoreTraditional shape,
0022101014,2021-22,2022-03-13,BOS vs. DAL,DAL,cached,453,"1,2,3,4",game.actions shape,cached,26,boxScoreTraditional shape,
0022101042,2021-22,2022-03-16,BOS @ GSW,GSW,cached,457,"1,2,3,4",game.actions shape,cached,24,boxScoreTraditional shape,
0022101057,2021-22,2022-03-18,BOS @ SAC,SAC,cached,448,"1,2,3,4",game.actions shape,cached,23,boxScoreTraditional shape,
0022101068,2021-22,2022-03-20,BOS @ DEN,DEN,cached,435,"1,2,3,4",game.actions shape,cached,26,boxScoreTraditional shape,
0022101078,2021-22,2022-03-21,BOS @ OKC,OKC,cached,476,"1,2,3,4",game.actions shape,cached,25,boxScoreTraditional shape,
0022101087,2021-22,2022-03-23,BOS vs. UTA,UTA,cached,445,"1,2,3,4",game.actions shape,cached,28,boxScoreTraditional shape,
0022101116,2021-22,2022-03-27,BOS vs. MIN,MIN,cached,444,"1,2,3,4",game.actions shape,cached,24,boxScoreTraditional shape,
0022101127,2021-22,2022-03-28,BOS @ TOR,TOR,cached,545,"1,2,3,4,5",game.actions shape,cached,25,boxScoreTraditional shape,
0022101139,2021-22,2022-03-30,BOS vs. MIA,MIA,cached,488,"1,2,3,4",game.actions shape,cached,29,boxScoreTraditional shape,
0022101153,2021-22,2022-04-01,BOS vs. IND,IND,cached,466,"1,2,3,4",game.actions shape,cached,23,boxScoreTraditional shape,
0022101166,2021-22,2022-04-03,BOS vs. WAS,WAS,cached,425,"1,2,3,4",game.actions shape,cached,24,boxScoreTraditional shape,
0022101193,2021-22,2022-04-06,BOS @ CHI,CHI,cached,486,"1,2,3,4",game.actions shape,cached,28,boxScoreTraditional shape,
0022101198,2021-22,2022-04-07,BOS @ MIL,MIL,cached,493,"1,2,3,4",game.actions shape,cached,26,boxScoreTraditional shape,
0022101223,2021-22,2022-04-10,BOS @ MEM,MEM,cached,506,"1,2,3,4",game.actions shape,cached,25,boxScoreTraditional shape,
0022200001,2022-23,2022-10-18,BOS vs. PHI,PHI,cached,468,"1,2,3,4",game.actions shape,cached,29,boxScoreTraditional shape,
0022200022,2022-23,2022-10-21,BOS @ MIA,MIA,cached,453,"1,2,3,4",game.actions shape,cached,28,boxScoreTraditional shape,
0022200030,2022-23,2022-10-22,BOS @ ORL,ORL,cached,499,"1,2,3,4",game.actions shape,cached,26,boxScoreTraditional shape,
0022200047,2022-23,2022-10-24,BOS @ CHI,CHI,cached,508,"1,2,3,4",game.actions shape,cached,28,boxScoreTraditional shape,
0022200072,2022-23,2022-10-28,BOS vs. CLE,CLE,cached,523,"1,2,3,4,5",game.actions shape,cached,24,boxScoreTraditional shape,
0022200089,2022-23,2022-10-30,BOS vs. WAS,WAS,cached,467,"1,2,3,4",game.actions shape,cached,28,boxScoreTraditional shape,
0022200107,2022-23,2022-11-02,BOS @ CLE,CLE,cached,540,"1,2,3,4,5",game.actions shape,cached,26,boxScoreTraditional shape,
0022200124,2022-23,2022-11-04,BOS vs. CHI,CHI,cached,507,"1,2,3,4",game.actions shape,cached,25,boxScoreTraditional shape,
0022200135,2022-23,2022-11-05,BOS @ NYK,NYK,cached,431,"1,2,3,4",game.actions shape,cached,25,boxScoreTraditional shape,
0022200152,2022-23,2022-11-07,BOS @ MEM,MEM,cached,476,"1,2,3,4",game.actions shape,cached,25,boxScoreTraditional shape,
0022200163,2022-23,2022-11-09,BOS vs. DET,DET,cached,497,"1,2,3,4",game.actions shape,cached,27,boxScoreTraditional shape,
0022200176,2022-23,2022-11-11,BOS vs. DEN,DEN,cached,457,"1,2,3,4",game.actions shape,cached,26,boxScoreTraditional shape,
0022200186,2022-23,2022-11-12,BOS @ DET,DET,cached,480,"1,2,3,4",game.actions shape,cached,24,boxScoreTraditional shape,
0022200201,2022-23,2022-11-14,BOS vs. OKC,OKC,cached,542,"1,2,3,4",game.actions shape,cached,24,boxScoreTraditional shape,
0022200214,2022-23,2022-11-16,BOS @ ATL,ATL,cached,459,"1,2,3,4",game.actions shape,cached,26,boxScoreTraditional shape,
0022200231,2022-23,2022-11-18,BOS @ NOP,NOP,cached,436,"1,2,3,4",game.actions shape,cached,25,boxScoreTraditional shape,
0022200250,2022-23,2022-11-21,BOS @ CHI,CHI,cached,467,"1,2,3,4",game.actions shape,cached,26,boxScoreTraditional shape,
0022200264,2022-23,2022-11-23,BOS vs. DAL,DAL,cached,439,"1,2,3,4",game.actions shape,cached,27,boxScoreTraditional shape,
0022200275,2022-23,2022-11-25,BOS vs. SAC,SAC,cached,501,"1,2,3,4",game.actions shape,cached,29,boxScoreTraditional shape,
0022200294,2022-23,2022-11-27,BOS vs. WAS,WAS,cached,449,"1,2,3,4",game.actions shape,cached,23,boxScoreTraditional shape,
0022200301,2022-23,2022-11-28,BOS vs. CHA,CHA,cached,435,"1,2,3,4",game.actions shape,cached,23,boxScoreTraditional shape,
0022200314,2022-23,2022-11-30,BOS vs. MIA,MIA,cached,439,"1,2,3,4",game.actions shape,cached,26,boxScoreTraditional shape,
0022200328,2022-23,2022-12-02,BOS vs. MIA,MIA,cached,531,"1,2,3,4,5",game.actions shape,cached,27,boxScoreTraditional shape,
0022200346,2022-23,2022-12-04,BOS @ BKN,BKN,cached,486,"1,2,3,4",game.actions shape,cached,24,boxScoreTraditional shape,
0022200355,2022-23,2022-12-05,BOS @ TOR,TOR,cached,475,"1,2,3,4",game.actions shape,cached,25,boxScoreTraditional shape,
0022200373,2022-23,2022-12-07,BOS @ PHX,PHX,cached,489,"1,2,3,4",game.actions shape,cached,25,boxScoreTraditional shape,
0022200392,2022-23,2022-12-10,BOS @ GSW,GSW,cached,487,"1,2,3,4",game.actions shape,cached,23,boxScoreTraditional shape,
0022200408,2022-23,2022-12-12,BOS @ LAC,LAC,cached,484,"1,2,3,4",game.actions shape,cached,27,boxScoreTraditional shape,
0022200413,2022-23,2022-12-13,BOS @ LAL,LAL,cached,516,"1,2,3,4,5",game.actions shape,cached,25,boxScoreTraditional shape,
0022200430,2022-23,2022-12-16,BOS vs. ORL,ORL,cached,521,"1,2,3,4",game.actions shape,cached,26,boxScoreTraditional shape,
0022200445,2022-23,2022-12-18,BOS vs. ORL,ORL,cached,484,"1,2,3,4",game.actions shape,cached,25,boxScoreTraditional shape,
0022200469,2022-23,2022-12-21,BOS vs. IND,IND,cached,514,"1,2,3,4",game.actions shape,cached,26,boxScoreTraditional shape,
0022200482,2022-23,2022-12-23,BOS vs. MIN,MIN,cached,497,"1,2,3,4",game.actions shape,cached,28,boxScoreTraditional shape,
0022200495,2022-23,2022-12-25,BOS vs. MIL,MIL,cached,462,"1,2,3,4",game.actions shape,cached,30,boxScoreTraditional shape,
0022200507,2022-23,2022-12-27,BOS vs. HOU,HOU,cached,480,"1,2,3,4",game.actions shape,cached,26,boxScoreTraditional shape,
0022200525,2022-23,2022-12-29,BOS vs. LAC,LAC,cached,469,"1,2,3,4",game.actions shape,cached,25,boxScoreTraditional shape,
0022200549,2022-23,2023-01-01,BOS @ DEN,DEN,cached,453,"1,2,3,4",game.actions shape,cached,27,boxScoreTraditional shape,
0022200562,2022-23,2023-01-03,BOS @ OKC,OKC,cached,499,"1,2,3,4",game.actions shape,cached,24,boxScoreTraditional shape,
0022200577,2022-23,2023-01-05,BOS @ DAL,DAL,cached,485,"1,2,3,4",game.actions shape,cached,27,boxScoreTraditional shape,
0022200591,2022-23,2023-01-07,BOS @ SAS,SAS,cached,502,"1,2,3,4",game.actions shape,cached,25,boxScoreTraditional shape,
0022200606,2022-23,2023-01-09,BOS vs. CHI,CHI,cached,435,"1,2,3,4",game.actions shape,cached,24,boxScoreTraditional shape,
0022200621,2022-23,2023-01-11,BOS vs. NOP,NOP,cached,450,"1,2,3,4",game.actions shape,cached,24,boxScoreTraditional shape,
0022200627,2022-23,2023-01-12,BOS @ BKN,BKN,cached,457,"1,2,3,4",game.actions shape,cached,25,boxScoreTraditional shape,
0022200642,2022-23,2023-01-14,BOS @ CHA,CHA,cached,454,"1,2,3,4",game.actions shape,cached,25,boxScoreTraditional shape,
0022200656,2022-23,2023-01-16,BOS @ CHA,CHA,cached,464,"1,2,3,4",game.actions shape,cached,25,boxScoreTraditional shape,
0022200679,2022-23,2023-01-19,BOS vs. GSW,GSW,cached,581,"1,2,3,4,5",game.actions shape,cached,26,boxScoreTraditional shape,
0022200692,2022-23,2023-01-21,BOS @ TOR,TOR,cached,434,"1,2,3,4",game.actions shape,cached,24,boxScoreTraditional shape,
0022200707,2022-23,2023-01-23,BOS @ ORL,ORL,cached,451,"1,2,3,4",game.actions shape,cached,25,boxScoreTraditional shape,
0022200714,2022-23,2023-01-24,BOS @ MIA,MIA,cached,481,"1,2,3,4",game.actions shape,cached,23,boxScoreTraditional shape,
0022200730,2022-23,2023-01-26,BOS vs. NYK,NYK,cached,509,"1,2,3,4,5",game.actions shape,cached,25,boxScoreTraditional shape,
0022200749,2022-23,2023-01-28,BOS vs. LAL,LAL,cached,534,"1,2,3,4,5",game.actions shape,cached,24,boxScoreTraditional shape,
0022200772,2022-23,2023-02-01,BOS vs. BKN,BKN,cached,415,"1,2,3,4",game.actions shape,cached,23,boxScoreTraditional shape,
0022200788,2022-23,2023-02-03,BOS vs. PHX,PHX,cached,473,"1,2,3,4",game.actions shape,cached,24,boxScoreTraditional shape,
0022200808,2022-23,2023-02-06,BOS @ DET,DET,cached,455,"1,2,3,4",game.actions shape,cached,24,boxScoreTraditional shape,
0022200824,2022-23,2023-02-08,BOS vs. PHI,PHI,cached,424,"1,2,3,4",game.actions shape,cached,24,boxScoreTraditional shape,
0022200838,2022-23,2023-02-10,BOS vs. CHA,CHA,cached,488,"1,2,3,4",game.actions shape,cached,22,boxScoreTraditional shape,
0022200855,2022-23,2023-02-12,BOS vs. MEM,MEM,cached,460,"1,2,3,4",game.actions shape,cached,24,boxScoreTraditional shape,
0022200869,2022-23,2023-02-14,BOS @ MIL,MIL,cached,544,"1,2,3,4,5",game.actions shape,cached,24,boxScoreTraditional shape,
0022200877,2022-23,2023-02-15,BOS vs. DET,DET,cached,445,"1,2,3,4",game.actions shape,cached,23,boxScoreTraditional shape,
0022200887,2022-23,2023-02-23,BOS @ IND,IND,cached,514,"1,2,3,4,5",game.actions shape,cached,28,boxScoreTraditional shape,
0022200908,2022-23,2023-02-25,BOS @ PHI,PHI,cached,448,"1,2,3,4",game.actions shape,cached,26,boxScoreTraditional shape,
0022200921,2022-23,2023-02-27,BOS @ NYK,NYK,cached,459,"1,2,3,4",game.actions shape,cached,26,boxScoreTraditional shape,
0022200935,2022-23,2023-03-01,BOS vs. CLE,CLE,cached,459,"1,2,3,4",game.actions shape,cached,26,boxScoreTraditional shape,
0022200948,2022-23,2023-03-03,BOS vs. BKN,BKN,cached,501,"1,2,3,4",game.actions shape,cached,25,boxScoreTraditional shape,
0022200969,2022-23,2023-03-05,BOS vs. NYK,NYK,cached,574,"1,2,3,4,5,6",game.actions shape,cached,23,boxScoreTraditional shape,
0022200971,2022-23,2023-03-06,BOS @ CLE,CLE,cached,548,"1,2,3,4,5",game.actions shape,cached,26,boxScoreTraditional shape,
0022200986,2022-23,2023-03-08,BOS vs. POR,POR,cached,468,"1,2,3,4",game.actions shape,cached,24,boxScoreTraditional shape,
0022201008,2022-23,2023-03-11,BOS @ ATL,ATL,cached,464,"1,2,3,4",game.actions shape,cached,25,boxScoreTraditional shape,
0022201024,2022-23,2023-03-13,BOS @ HOU,HOU,cached,503,"1,2,3,4",game.actions shape,cached,24,boxScoreTraditional shape,
0022201039,2022-23,2023-03-15,BOS @ MIN,MIN,cached,491,"1,2,3,4",game.actions shape,cached,24,boxScoreTraditional shape,
0022201053,2022-23,2023-03-17,BOS @ POR,POR,cached,516,"1,2,3,4",game.actions shape,cached,24,boxScoreTraditional shape,
0022201062,2022-23,2023-03-18,BOS @ UTA,UTA,cached,463,"1,2,3,4",game.actions shape,cached,24,boxScoreTraditional shape,
0022201081,2022-23,2023-03-21,BOS @ SAC,SAC,cached,460,"1,2,3,4",game.actions shape,cached,27,boxScoreTraditional shape,
0022201097,2022-23,2023-03-24,BOS vs. IND,IND,cached,485,"1,2,3,4",game.actions shape,cached,28,boxScoreTraditional shape,
0022201116,2022-23,2023-03-26,BOS vs. SAS,SAS,cached,487,"1,2,3,4",game.actions shape,cached,26,boxScoreTraditional shape,
0022201130,2022-23,2023-03-28,BOS @ WAS,WAS,cached,450,"1,2,3,4",game.actions shape,cached,24,boxScoreTraditional shape,
0022201146,2022-23,2023-03-30,BOS @ MIL,MIL,cached,478,"1,2,3,4",game.actions shape,cached,26,boxScoreTraditional shape,
0022201152,2022-23,2023-03-31,BOS vs. UTA,UTA,cached,487,"1,2,3,4",game.actions shape,cached,25,boxScoreTraditional shape,
0022201181,2022-23,2023-04-04,BOS @ PHI,PHI,cached,446,"1,2,3,4",game.actions shape,cached,26,boxScoreTraditional shape,
0022201192,2022-23,2023-04-05,BOS vs. TOR,TOR,cached,480,"1,2,3,4",game.actions shape,cached,26,boxScoreTraditional shape,
0022201206,2022-23,2023-04-07,BOS vs. TOR,TOR,cached,450,"1,2,3,4",game.actions shape,cached,28,boxScoreTraditional shape,
0022201216,2022-23,2023-04-09,BOS vs. ATL,ATL,cached,448,"1,2,3,4",game.actions shape,cached,23,boxScoreTraditional shape,
0022300065,2023-24,2023-10-25,BOS @ NYK,NYK,cached,521,"1,2,3,4",game.actions shape,cached,30,boxScoreTraditional shape,
0022300080,2023-24,2023-10-27,BOS vs. MIA,MIA,cached,493,"1,2,3,4",game.actions shape,cached,29,boxScoreTraditional shape,
0022300103,2023-24,2023-10-30,BOS @ WAS,WAS,cached,490,"1,2,3,4",game.actions shape,cached,29,boxScoreTraditional shape,
0022300118,2023-24,2023-11-01,BOS vs. IND,IND,cached,480,"1,2,3,4",game.actions shape,cached,26,boxScoreTraditional shape,
0022300136,2023-24,2023-11-04,BOS @ BKN,BKN,cached,498,"1,2,3,4",game.actions shape,cached,25,boxScoreTraditional shape,
0022300154,2023-24,2023-11-06,BOS @ MIN,MIN,cached,558,"1,2,3,4,5",game.actions shape,cached,25,boxScoreTraditional shape,
0022300159,2023-24,2023-11-08,BOS @ PHI,PHI,cached,485,"1,2,3,4",game.actions shape,cached,28,boxScoreTraditional shape,
0022300010,2023-24,2023-11-10,BOS vs. BKN,BKN,cached,467,"1,2,3,4",game.actions shape,cached,24,boxScoreTraditional shape,
0022300174,2023-24,2023-11-11,BOS vs. TOR,TOR,cached,437,"1,2,3,4",game.actions shape,cached,26,boxScoreTraditional shape,
0022300188,2023-24,2023-11-13,BOS vs. NYK,NYK,cached,424,"1,2,3,4",game.actions shape,cached,26,boxScoreTraditional shape,
0022300194,2023-24,2023-11-15,BOS @ PHI,PHI,cached,443,"1,2,3,4",game.actions shape,cached,25,boxScoreTraditional shape,
0022300031,2023-24,2023-11-17,BOS @ TOR,TOR,cached,436,"1,2,3,4",game.actions shape,cached,26,boxScoreTraditional shape,
0022300213,2023-24,2023-11-19,BOS @ MEM,MEM,cached,476,"1,2,3,4",game.actions shape,cached,26,boxScoreTraditional shape,
0022300217,2023-24,2023-11-20,BOS @ CHA,CHA,cached,538,"1,2,3,4,5",game.actions shape,cached,26,boxScoreTraditional shape,
0022300228,2023-24,2023-11-22,BOS vs. MIL,MIL,cached,461,"1,2,3,4",game.actions shape,cached,27,boxScoreTraditional shape,
0022300043,2023-24,2023-11-24,BOS @ ORL,ORL,cached,497,"1,2,3,4",game.actions shape,cached,26,boxScoreTraditional shape,
0022300246,2023-24,2023-11-26,BOS vs. ATL,ATL,cached,495,"1,2,3,4",game.actions shape,cached,26,boxScoreTraditional shape,
0022300053,2023-24,2023-11-28,BOS vs. CHI,CHI,cached,476,"1,2,3,4",game.actions shape,cached,26,boxScoreTraditional shape,
0022300275,2023-24,2023-12-01,BOS vs. PHI,PHI,cached,523,"1,2,3,4",game.actions shape,cached,25,boxScoreTraditional shape,
0022301202,2023-24,2023-12-04,BOS @ IND,IND,cached,481,"1,2,3,4",game.actions shape,cached,27,boxScoreTraditional shape,
0022301227,2023-24,2023-12-08,BOS vs. NYK,NYK,cached,476,"1,2,3,4",game.actions shape,cached,28,boxScoreTraditional shape,
0022300305,2023-24,2023-12-12,BOS vs. CLE,CLE,cached,459,"1,2,3,4",game.actions shape,cached,26,boxScoreTraditional shape,
0022300319,2023-24,2023-12-14,BOS vs. CLE,CLE,cached,439,"1,2,3,4",game.actions shape,cached,25,boxScoreTraditional shape,
0022300329,2023-24,2023-12-15,BOS vs. ORL,ORL,cached,486,"1,2,3,4",game.actions shape,cached,25,boxScoreTraditional shape,
0022300344,2023-24,2023-12-17,BOS vs. ORL,ORL,cached,485,"1,2,3,4",game.actions shape,cached,27,boxScoreTraditional shape,
0022300362,2023-24,2023-12-19,BOS @ GSW,GSW,cached,522,"1,2,3,4,5",game.actions shape,cached,25,boxScoreTraditional shape,
0022300373,2023-24,2023-12-20,BOS @ SAC,SAC,cached,472,"1,2,3,4",game.actions shape,cached,25,boxScoreTraditional shape,
0022300389,2023-24,2023-12-23,BOS @ LAC,LAC,cached,468,"1,2,3,4",game.actions shape,cached,27,boxScoreTraditional shape,
0022300403,2023-24,2023-12-25,BOS @ LAL,LAL,cached,474,"1,2,3,4",game.actions shape,cached,28,boxScoreTraditional shape,
0022300421,2023-24,2023-12-28,BOS vs. DET,DET,cached,530,"1,2,3,4,5",game.actions shape,cached,26,boxScoreTraditional shape,
0022300432,2023-24,2023-12-29,BOS vs. TOR,TOR,cached,486,"1,2,3,4",game.actions shape,cached,25,boxScoreTraditional shape,
0022300448,2023-24,2023-12-31,BOS @ SAS,SAS,cached,466,"1,2,3,4",game.actions shape,cached,26,boxScoreTraditional shape,
0022300462,2023-24,2024-01-02,BOS @ OKC,OKC,cached,505,"1,2,3,4",game.actions shape,cached,28,boxScoreTraditional shape,
0022300479,2023-24,2024-01-05,BOS vs. UTA,UTA,cached,547,"1,2,3,4",game.actions shape,cached,26,boxScoreTraditional shape,
0022300493,2023-24,2024-01-06,BOS @ IND,IND,cached,504,"1,2,3,4",game.actions shape,cached,29,boxScoreTraditional shape,
0022300507,2023-24,2024-01-08,BOS @ IND,IND,cached,493,"1,2,3,4",game.actions shape,cached,27,boxScoreTraditional shape,
0022300517,2023-24,2024-01-10,BOS vs. MIN,MIN,cached,496,"1,2,3,4,5",game.actions shape,cached,27,boxScoreTraditional shape,
0022300528,2023-24,2024-01-11,BOS @ MIL,MIL,cached,464,"1,2,3,4",game.actions shape,cached,28,boxScoreTraditional shape,
0022300542,2023-24,2024-01-13,BOS vs. HOU,HOU,cached,517,"1,2,3,4",game.actions shape,cached,26,boxScoreTraditional shape,
0022300563,2023-24,2024-01-15,BOS @ TOR,TOR,cached,473,"1,2,3,4",game.actions shape,cached,25,boxScoreTraditional shape,
0022300571,2023-24,2024-01-17,BOS vs. SAS,SAS,cached,471,"1,2,3,4",game.actions shape,cached,28,boxScoreTraditional shape,
0022300586,2023-24,2024-01-19,BOS vs. DEN,DEN,cached,406,"1,2,3,4",game.actions shape,cached,29,boxScoreTraditional shape,
0022300603,2023-24,2024-01-21,BOS @ HOU,HOU,cached,520,"1,2,3,4",game.actions shape,cached,25,boxScoreTraditional shape,
0022300611,2023-24,2024-01-22,BOS @ DAL,DAL,cached,486,"1,2,3,4",game.actions shape,cached,28,boxScoreTraditional shape,
0022300630,2023-24,2024-01-25,BOS @ MIA,MIA,cached,411,"1,2,3,4",game.actions shape,cached,27,boxScoreTraditional shape,
0022300646,2023-24,2024-01-27,BOS vs. LAC,LAC,cached,503,"1,2,3,4",game.actions shape,cached,26,boxScoreTraditional shape,
0022300659,2023-24,2024-01-29,BOS vs. NOP,NOP,cached,448,"1,2,3,4",game.actions shape,cached,26,boxScoreTraditional shape,
0022300670,2023-24,2024-01-30,BOS vs. IND,IND,cached,488,"1,2,3,4",game.actions shape,cached,25,boxScoreTraditional shape,
0022300684,2023-24,2024-02-01,BOS vs. LAL,LAL,cached,492,"1,2,3,4",game.actions shape,cached,25,boxScoreTraditional shape,
0022300706,2023-24,2024-02-04,BOS vs. MEM,MEM,cached,477,"1,2,3,4",game.actions shape,cached,26,boxScoreTraditional shape,
0022300729,2023-24,2024-02-07,BOS vs. ATL,ATL,cached,472,"1,2,3,4",game.actions shape,cached,25,boxScoreTraditional shape,
0022300743,2023-24,2024-02-09,BOS vs. WAS,WAS,cached,491,"1,2,3,4",game.actions shape,cached,26,boxScoreTraditional shape,
0022300759,2023-24,2024-02-11,BOS @ MIA,MIA,cached,433,"1,2,3,4",game.actions shape,cached,25,boxScoreTraditional shape,
0022300771,2023-24,2024-02-13,BOS @ BKN,BKN,cached,461,"1,2,3,4",game.actions shape,cached,26,boxScoreTraditional shape,
0022300780,2023-24,2024-02-14,BOS vs. BKN,BKN,cached,409,"1,2,3,4",game.actions shape,cached,25,boxScoreTraditional shape,
0022300797,2023-24,2024-02-22,BOS @ CHI,CHI,cached,471,"1,2,3,4",game.actions shape,cached,25,boxScoreTraditional shape,
0022300816,2023-24,2024-02-24,BOS @ NYK,NYK,cached,406,"1,2,3,4",game.actions shape,cached,25,boxScoreTraditional shape,
0022300836,2023-24,2024-02-27,BOS vs. PHI,PHI,cached,476,"1,2,3,4",game.actions shape,cached,26,boxScoreTraditional shape,
0022300859,2023-24,2024-03-01,BOS vs. DAL,DAL,cached,446,"1,2,3,4",game.actions shape,cached,27,boxScoreTraditional shape,
0022300872,2023-24,2024-03-03,BOS vs. GSW,GSW,cached,449,"1,2,3,4",game.actions shape,cached,25,boxScoreTraditional shape,
0022300886,2023-24,2024-03-05,BOS @ CLE,CLE,cached,455,"1,2,3,4",game.actions shape,cached,26,boxScoreTraditional shape,
0022300906,2023-24,2024-03-07,BOS @ DEN,DEN,cached,490,"1,2,3,4",game.actions shape,cached,28,boxScoreTraditional shape,
0022300920,2023-24,2024-03-09,BOS @ PHX,PHX,cached,445,"1,2,3,4",game.actions shape,cached,25,boxScoreTraditional shape,
0022300938,2023-24,2024-03-11,BOS @ POR,POR,cached,444,"1,2,3,4",game.actions shape,cached,24,boxScoreTraditional shape,
0022300943,2023-24,2024-03-12,BOS @ UTA,UTA,cached,441,"1,2,3,4",game.actions shape,cached,26,boxScoreTraditional shape,
0022300955,2023-24,2024-03-14,BOS vs. PHX,PHX,cached,441,"1,2,3,4",game.actions shape,cached,25,boxScoreTraditional shape,
0022300980,2023-24,2024-03-17,BOS @ WAS,WAS,cached,469,"1,2,3,4",game.actions shape,cached,23,boxScoreTraditional shape,
0022300984,2023-24,2024-03-18,BOS vs. DET,DET,cached,437,"1,2,3,4",game.actions shape,cached,25,boxScoreTraditional shape,
0022300998,2023-24,2024-03-20,BOS vs. MIL,MIL,cached,462,"1,2,3,4",game.actions shape,cached,25,boxScoreTraditional shape,
0022301011,2023-24,2024-03-22,BOS @ DET,DET,cached,463,"1,2,3,4",game.actions shape,cached,26,boxScoreTraditional shape,
0022301023,2023-24,2024-03-23,BOS @ CHI,CHI,cached,408,"1,2,3,4",game.actions shape,cached,25,boxScoreTraditional shape,
0022301034,2023-24,2024-03-25,BOS @ ATL,ATL,cached,462,"1,2,3,4",game.actions shape,cached,24,boxScoreTraditional shape,
0022301060,2023-24,2024-03-28,BOS @ ATL,ATL,cached,500,"1,2,3,4,5",game.actions shape,cached,24,boxScoreTraditional shape,
0022301074,2023-24,2024-03-30,BOS @ NOP,NOP,cached,440,"1,2,3,4",game.actions shape,cached,24,boxScoreTraditional shape,
0022301087,2023-24,2024-04-01,BOS @ CHA,CHA,cached,429,"1,2,3,4",game.actions shape,cached,24,boxScoreTraditional shape,
0022301105,2023-24,2024-04-03,BOS vs. OKC,OKC,cached,477,"1,2,3,4",game.actions shape,cached,24,boxScoreTraditional shape,
0022301118,2023-24,2024-04-05,BOS vs. SAC,SAC,cached,462,"1,2,3,4",game.actions shape,cached,25,boxScoreTraditional shape,
0022301134,2023-24,2024-04-07,BOS vs. POR,POR,cached,448,"1,2,3,4",game.actions shape,cached,24,boxScoreTraditional shape,
0022301148,2023-24,2024-04-09,BOS @ MIL,MIL,cached,397,"1,2,3,4",game.actions shape,cached,27,boxScoreTraditional shape,
0022301167,2023-24,2024-04-11,BOS vs. NYK,NYK,cached,449,"1,2,3,4",game.actions shape,cached,27,boxScoreTraditional shape,
0022301173,2023-24,2024-04-12,BOS vs. CHA,CHA,cached,452,"1,2,3,4",game.actions shape,cached,24,boxScoreTraditional shape,
0022301186,2023-24,2024-04-14,BOS vs. WAS,WAS,cached,476,"1,2,3,4",game.actions shape,cached,24,boxScoreTraditional shape,
0022400061,2024-25,2024-10-22,BOS vs. NYK,NYK,fetched,402,"1,2,3,4",game.actions shape,fetched,25,boxScoreTraditional shape,
0022400073,2024-25,2024-10-24,BOS @ WAS,WAS,fetched,508,"1,2,3,4",game.actions shape,fetched,29,boxScoreTraditional shape,
0022400089,2024-25,2024-10-26,BOS @ DET,DET,fetched,491,"1,2,3,4",game.actions shape,fetched,29,boxScoreTraditional shape,
0022400104,2024-25,2024-10-28,BOS vs. MIL,MIL,fetched,489,"1,2,3,4",game.actions shape,fetched,27,boxScoreTraditional shape,
0022400119,2024-25,2024-10-30,BOS @ IND,IND,fetched,597,"1,2,3,4,5",game.actions shape,fetched,28,boxScoreTraditional shape,
0022400132,2024-25,2024-11-01,BOS @ CHA,CHA,fetched,500,"1,2,3,4",game.actions shape,fetched,28,boxScoreTraditional shape,
0022400141,2024-25,2024-11-02,BOS @ CHA,CHA,fetched,470,"1,2,3,4",game.actions shape,fetched,27,boxScoreTraditional shape,
0022400157,2024-25,2024-11-04,BOS @ ATL,ATL,fetched,483,"1,2,3,4",game.actions shape,fetched,25,boxScoreTraditional shape,
0022400172,2024-25,2024-11-06,BOS vs. GSW,GSW,fetched,491,"1,2,3,4",game.actions shape,fetched,26,boxScoreTraditional shape,
0022400187,2024-25,2024-11-08,BOS vs. BKN,BKN,fetched,501,"1,2,3,4,5",game.actions shape,fetched,26,boxScoreTraditional shape,
0022400202,2024-25,2024-11-10,BOS @ MIL,MIL,fetched,465,"1,2,3,4",game.actions shape,fetched,27,boxScoreTraditional shape,
0022400001,2024-25,2024-11-12,BOS vs. ATL,ATL,fetched,475,"1,2,3,4",game.actions shape,fetched,25,boxScoreTraditional shape,
0022400218,2024-25,2024-11-13,BOS @ BKN,BKN,fetched,453,"1,2,3,4",game.actions shape,fetched,26,boxScoreTraditional shape,
0022400230,2024-25,2024-11-16,BOS vs. TOR,TOR,fetched,498,"1,2,3,4,5",game.actions shape,fetched,25,boxScoreTraditional shape,
0022400021,2024-25,2024-11-19,BOS vs. CLE,CLE,fetched,438,"1,2,3,4",game.actions shape,fetched,25,boxScoreTraditional shape,
0022400028,2024-25,2024-11-22,BOS @ WAS,WAS,fetched,521,"1,2,3,4",game.actions shape,fetched,28,boxScoreTraditional shape,
0022400271,2024-25,2024-11-24,BOS vs. MIN,MIN,fetched,445,"1,2,3,4",game.actions shape,fetched,27,boxScoreTraditional shape,
0022400281,2024-25,2024-11-25,BOS vs. LAC,LAC,fetched,450,"1,2,3,4",game.actions shape,fetched,25,boxScoreTraditional shape,
0022400047,2024-25,2024-11-29,BOS @ CHI,CHI,fetched,472,"1,2,3,4",game.actions shape,fetched,30,boxScoreTraditional shape,
0022400307,2024-25,2024-12-01,BOS @ CLE,CLE,fetched,515,"1,2,3,4",game.actions shape,fetched,26,boxScoreTraditional shape,
0022400316,2024-25,2024-12-02,BOS vs. MIA,MIA,fetched,470,"1,2,3,4",game.actions shape,fetched,28,boxScoreTraditional shape,
0022400319,2024-25,2024-12-04,BOS vs. DET,DET,fetched,491,"1,2,3,4",game.actions shape,fetched,27,boxScoreTraditional shape,
0022400335,2024-25,2024-12-06,BOS vs. MIL,MIL,fetched,443,"1,2,3,4",game.actions shape,fetched,28,boxScoreTraditional shape,
0022400345,2024-25,2024-12-07,BOS vs. MEM,MEM,fetched,550,"1,2,3,4",game.actions shape,fetched,28,boxScoreTraditional shape,
0022401205,2024-25,2024-12-12,BOS vs. DET,DET,fetched,443,"1,2,3,4",game.actions shape,fetched,25,boxScoreTraditional shape,
0022401217,2024-25,2024-12-15,BOS @ WAS,WAS,fetched,516,"1,2,3,4",game.actions shape,fetched,25,boxScoreTraditional shape,
0022400363,2024-25,2024-12-19,BOS vs. CHI,CHI,fetched,481,"1,2,3,4",game.actions shape,fetched,25,boxScoreTraditional shape,
0022400381,2024-25,2024-12-21,BOS @ CHI,CHI,fetched,484,"1,2,3,4",game.actions shape,fetched,25,boxScoreTraditional shape,
0022400393,2024-25,2024-12-23,BOS @ ORL,ORL,fetched,503,"1,2,3,4",game.actions shape,fetched,27,boxScoreTraditional shape,
0022400407,2024-25,2024-12-25,BOS vs. PHI,PHI,fetched,459,"1,2,3,4",game.actions shape,fetched,28,boxScoreTraditional shape,
0022400420,2024-25,2024-12-27,BOS vs. IND,IND,fetched,490,"1,2,3,4",game.actions shape,fetched,25,boxScoreTraditional shape,
0022400437,2024-25,2024-12-29,BOS vs. IND,IND,fetched,477,"1,2,3,4",game.actions shape,fetched,26,boxScoreTraditional shape,
0022400449,2024-25,2024-12-31,BOS vs. TOR,TOR,fetched,465,"1,2,3,4",game.actions shape,fetched,28,boxScoreTraditional shape,
0022400464,2024-25,2025-01-02,BOS @ MIN,MIN,fetched,407,"1,2,3,4",game.actions shape,fetched,26,boxScoreTraditional shape,
0022400471,2024-25,2025-01-03,BOS @ HOU,HOU,fetched,446,"1,2,3,4",game.actions shape,fetched,27,boxScoreTraditional shape,
0022400487,2024-25,2025-01-05,BOS @ OKC,OKC,fetched,472,"1,2,3,4",game.actions shape,fetched,25,boxScoreTraditional shape,
0022400507,2024-25,2025-01-07,BOS @ DEN,DEN,fetched,461,"1,2,3,4",game.actions shape,fetched,25,boxScoreTraditional shape,
0022400528,2024-25,2025-01-10,BOS vs. SAC,SAC,fetched,487,"1,2,3,4",game.actions shape,fetched,27,boxScoreTraditional shape,
0022400542,2024-25,2025-01-12,BOS vs. NOP,NOP,fetched,502,"1,2,3,4",game.actions shape,fetched,26,boxScoreTraditional shape,
0022400562,2024-25,2025-01-15,BOS @ TOR,TOR,fetched,473,"1,2,3,4",game.actions shape,fetched,25,boxScoreTraditional shape,
0022400577,2024-25,2025-01-17,BOS vs. ORL,ORL,fetched,462,"1,2,3,4",game.actions shape,fetched,26,boxScoreTraditional shape,
0022400587,2024-25,2025-01-18,BOS vs. ATL,ATL,fetched,582,"1,2,3,4,5",game.actions shape,fetched,26,boxScoreTraditional shape,
0022400604,2024-25,2025-01-20,BOS @ GSW,GSW,fetched,453,"1,2,3,4",game.actions shape,fetched,26,boxScoreTraditional shape,
0022400620,2024-25,2025-01-22,BOS @ LAC,LAC,fetched,509,"1,2,3,4,5",game.actions shape,fetched,26,boxScoreTraditional shape,
0022400629,2024-25,2025-01-23,BOS @ LAL,LAL,fetched,465,"1,2,3,4",game.actions shape,fetched,27,boxScoreTraditional shape,
0022400635,2024-25,2025-01-25,BOS @ DAL,DAL,fetched,518,"1,2,3,4",game.actions shape,fetched,27,boxScoreTraditional shape,
0022400650,2024-25,2025-01-27,BOS vs. HOU,HOU,fetched,480,"1,2,3,4",game.actions shape,fetched,30,boxScoreTraditional shape,
0022400666,2024-25,2025-01-29,BOS vs. CHI,CHI,fetched,476,"1,2,3,4",game.actions shape,fetched,27,boxScoreTraditional shape,
0022400683,2024-25,2025-01-31,BOS @ NOP,NOP,fetched,490,"1,2,3,4",game.actions shape,fetched,26,boxScoreTraditional shape,
0022400698,2024-25,2025-02-02,BOS @ PHI,PHI,fetched,443,"1,2,3,4",game.actions shape,fetched,26,boxScoreTraditional shape,
0022400710,2024-25,2025-02-04,BOS @ CLE,CLE,fetched,521,"1,2,3,4",game.actions shape,fetched,28,boxScoreTraditional shape,
0022400728,2024-25,2025-02-06,BOS vs. DAL,DAL,fetched,442,"1,2,3,4",game.actions shape,fetched,26,boxScoreTraditional shape,
0022400748,2024-25,2025-02-08,BOS @ NYK,NYK,fetched,451,"1,2,3,4",game.actions shape,fetched,25,boxScoreTraditional shape,
0022400759,2024-25,2025-02-10,BOS @ MIA,MIA,fetched,410,"1,2,3,4",game.actions shape,fetched,27,boxScoreTraditional shape,
0022400769,2024-25,2025-02-12,BOS vs. SAS,SAS,fetched,477,"1,2,3,4",game.actions shape,fetched,28,boxScoreTraditional shape,
0022400789,2024-25,2025-02-20,BOS @ PHI,PHI,fetched,451,"1,2,3,4",game.actions shape,fetched,25,boxScoreTraditional shape,
0022400811,2024-25,2025-02-23,BOS vs. NYK,NYK,fetched,426,"1,2,3,4",game.actions shape,fetched,27,boxScoreTraditional shape,
0022400829,2024-25,2025-02-25,BOS @ TOR,TOR,fetched,448,"1,2,3,4",game.actions shape,fetched,26,boxScoreTraditional shape,
0022400836,2024-25,2025-02-26,BOS @ DET,DET,fetched,456,"1,2,3,4",game.actions shape,fetched,29,boxScoreTraditional shape,
0022400852,2024-25,2025-02-28,BOS vs. CLE,CLE,fetched,460,"1,2,3,4",game.actions shape,fetched,30,boxScoreTraditional shape,
0022400866,2024-25,2025-03-02,BOS vs. DEN,DEN,fetched,446,"1,2,3,4",game.actions shape,fetched,27,boxScoreTraditional shape,
0022400891,2024-25,2025-03-05,BOS vs. POR,POR,fetched,455,"1,2,3,4",game.actions shape,fetched,29,boxScoreTraditional shape,
0022400900,2024-25,2025-03-06,BOS vs. PHI,PHI,fetched,461,"1,2,3,4",game.actions shape,fetched,25,boxScoreTraditional shape,
0022400918,2024-25,2025-03-08,BOS vs. LAL,LAL,fetched,454,"1,2,3,4",game.actions shape,fetched,27,boxScoreTraditional shape,
0022400929,2024-25,2025-03-10,BOS vs. UTA,UTA,fetched,463,"1,2,3,4",game.actions shape,fetched,25,boxScoreTraditional shape,
0022400946,2024-25,2025-03-12,BOS vs. OKC,OKC,fetched,491,"1,2,3,4",game.actions shape,fetched,25,boxScoreTraditional shape,
0022400958,2024-25,2025-03-14,BOS @ MIA,MIA,fetched,433,"1,2,3,4",game.actions shape,fetched,29,boxScoreTraditional shape,
0022400968,2024-25,2025-03-15,BOS @ BKN,BKN,fetched,443,"1,2,3,4",game.actions shape,fetched,25,boxScoreTraditional shape,
0022400994,2024-25,2025-03-18,BOS vs. BKN,BKN,fetched,455,"1,2,3,4",game.actions shape,fetched,27,boxScoreTraditional shape,
0022401020,2024-25,2025-03-21,BOS @ UTA,UTA,fetched,464,"1,2,3,4",game.actions shape,fetched,26,boxScoreTraditional shape,
0022401034,2024-25,2025-03-23,BOS @ POR,POR,fetched,431,"1,2,3,4",game.actions shape,fetched,28,boxScoreTraditional shape,
0022401044,2024-25,2025-03-24,BOS @ SAC,SAC,fetched,449,"1,2,3,4",game.actions shape,fetched,28,boxScoreTraditional shape,
0022401058,2024-25,2025-03-26,BOS @ PHX,PHX,fetched,473,"1,2,3,4",game.actions shape,fetched,28,boxScoreTraditional shape,
0022401080,2024-25,2025-03-29,BOS @ SAS,SAS,fetched,454,"1,2,3,4",game.actions shape,fetched,25,boxScoreTraditional shape,
0022401093,2024-25,2025-03-31,BOS @ MEM,MEM,fetched,487,"1,2,3,4",game.actions shape,fetched,29,boxScoreTraditional shape,
0022401106,2024-25,2025-04-02,BOS vs. MIA,MIA,fetched,444,"1,2,3,4",game.actions shape,fetched,26,boxScoreTraditional shape,
0022401120,2024-25,2025-04-04,BOS vs. PHX,PHX,fetched,441,"1,2,3,4",game.actions shape,fetched,30,boxScoreTraditional shape,
0022401137,2024-25,2025-04-06,BOS vs. WAS,WAS,fetched,421,"1,2,3,4",game.actions shape,fetched,26,boxScoreTraditional shape,
0022401151,2024-25,2025-04-08,BOS @ NYK,NYK,fetched,498,"1,2,3,4,5",game.actions shape,fetched,30,boxScoreTraditional shape,
0022401156,2024-25,2025-04-09,BOS @ ORL,ORL,fetched,415,"1,2,3,4",game.actions shape,fetched,27,boxScoreTraditional shape,
0022401174,2024-25,2025-04-11,BOS vs. CHA,CHA,fetched,453,"1,2,3,4",game.actions shape,fetched,27,boxScoreTraditional shape,
0022401187,2024-25,2025-04-13,BOS vs. CHA,CHA,fetched,480,"1,2,3,4",game.actions shape,fetched,24,boxScoreTraditional shape,
0022500083,2025-26,2025-10-22,BOS vs. PHI,PHI,fetched,516,"1,2,3,4",game.actions shape,fetched,27,boxScoreTraditional shape,
0022500018,2025-26,2025-10-24,BOS @ NYK,NYK,fetched,503,"1,2,3,4",game.actions shape,fetched,26,boxScoreTraditional shape,
0022500106,2025-26,2025-10-26,BOS @ DET,DET,fetched,562,"1,2,3,4",game.actions shape,fetched,27,boxScoreTraditional shape,
0022500117,2025-26,2025-10-27,BOS @ NOP,NOP,fetched,507,"1,2,3,4",game.actions shape,fetched,27,boxScoreTraditional shape,
0022500128,2025-26,2025-10-29,BOS vs. CLE,CLE,fetched,520,"1,2,3,4",game.actions shape,fetched,25,boxScoreTraditional shape,
0022500021,2025-26,2025-10-31,BOS @ PHI,PHI,fetched,498,"1,2,3,4",game.actions shape,fetched,26,boxScoreTraditional shape,
0022500146,2025-26,2025-11-01,BOS vs. HOU,HOU,fetched,508,"1,2,3,4",game.actions shape,fetched,28,boxScoreTraditional shape,
0022500158,2025-26,2025-11-03,BOS vs. UTA,UTA,fetched,534,"1,2,3,4",game.actions shape,fetched,27,boxScoreTraditional shape,
0022500174,2025-26,2025-11-05,BOS vs. WAS,WAS,fetched,479,"1,2,3,4",game.actions shape,fetched,28,boxScoreTraditional shape,
0022500028,2025-26,2025-11-07,BOS @ ORL,ORL,fetched,513,"1,2,3,4",game.actions shape,fetched,26,boxScoreTraditional shape,
0022500193,2025-26,2025-11-09,BOS @ ORL,ORL,fetched,509,"1,2,3,4",game.actions shape,fetched,26,boxScoreTraditional shape,
0022500209,2025-26,2025-11-11,BOS @ PHI,PHI,fetched,482,"1,2,3,4",game.actions shape,fetched,26,boxScoreTraditional shape,
0022500216,2025-26,2025-11-12,BOS vs. MEM,MEM,fetched,510,"1,2,3,4",game.actions shape,fetched,26,boxScoreTraditional shape,
0022500233,2025-26,2025-11-16,BOS vs. LAC,LAC,fetched,509,"1,2,3,4",game.actions shape,fetched,27,boxScoreTraditional shape,
0022500250,2025-26,2025-11-18,BOS @ BKN,BKN,fetched,495,"1,2,3,4",game.actions shape,fetched,26,boxScoreTraditional shape,
0022500049,2025-26,2025-11-21,BOS vs. BKN,BKN,fetched,470,"1,2,3,4",game.actions shape,fetched,25,boxScoreTraditional shape,
0022500277,2025-26,2025-11-23,BOS vs. ORL,ORL,fetched,477,"1,2,3,4",game.actions shape,fetched,26,boxScoreTraditional shape,
0022500060,2025-26,2025-11-26,BOS vs. DET,DET,fetched,562,"1,2,3,4",game.actions shape,fetched,26,boxScoreTraditional shape,
0022500293,2025-26,2025-11-29,BOS @ MIN,MIN,fetched,482,"1,2,3,4",game.actions shape,fetched,29,boxScoreTraditional shape,
0022500302,2025-26,2025-11-30,BOS @ CLE,CLE,fetched,502,"1,2,3,4",game.actions shape,fetched,26,boxScoreTraditional shape,
0022500320,2025-26,2025-12-02,BOS vs. NYK,NYK,fetched,442,"1,2,3,4",game.actions shape,fetched,26,boxScoreTraditional shape,
0022500334,2025-26,2025-12-04,BOS @ WAS,WAS,fetched,496,"1,2,3,4",game.actions shape,fetched,26,boxScoreTraditional shape,
0022500338,2025-26,2025-12-05,BOS vs. LAL,LAL,fetched,458,"1,2,3,4",game.actions shape,fetched,27,boxScoreTraditional shape,
0022500358,2025-26,2025-12-07,BOS @ TOR,TOR,fetched,480,"1,2,3,4",game.actions shape,fetched,28,boxScoreTraditional shape,
0022501206,2025-26,2025-12-11,BOS @ MIL,MIL,fetched,466,"1,2,3,4",game.actions shape,fetched,26,boxScoreTraditional shape,
0022501222,2025-26,2025-12-15,BOS vs. DET,DET,fetched,502,"1,2,3,4",game.actions shape,fetched,28,boxScoreTraditional shape,
0022500381,2025-26,2025-12-19,BOS vs. MIA,MIA,fetched,509,"1,2,3,4",game.actions shape,fetched,26,boxScoreTraditional shape,
0022500388,2025-26,2025-12-20,BOS @ TOR,TOR,fetched,471,"1,2,3,4",game.actions shape,fetched,25,boxScoreTraditional shape,
0022500403,2025-26,2025-12-22,BOS vs. IND,IND,fetched,486,"1,2,3,4",game.actions shape,fetched,29,boxScoreTraditional shape,
0022500426,2025-26,2025-12-26,BOS @ IND,IND,fetched,505,"1,2,3,4",game.actions shape,fetched,26,boxScoreTraditional shape,
0022500444,2025-26,2025-12-28,BOS @ POR,POR,fetched,521,"1,2,3,4",game.actions shape,fetched,28,boxScoreTraditional shape,
0022500459,2025-26,2025-12-30,BOS @ UTA,UTA,fetched,475,"1,2,3,4",game.actions shape,fetched,25,boxScoreTraditional shape,
0022500474,2025-26,2026-01-01,BOS @ SAC,SAC,fetched,439,"1,2,3,4",game.actions shape,fetched,26,boxScoreTraditional shape,
0022500493,2025-26,2026-01-03,BOS @ LAC,LAC,fetched,438,"1,2,3,4",game.actions shape,fetched,26,boxScoreTraditional shape,
0022500503,2025-26,2026-01-05,BOS vs. CHI,CHI,fetched,468,"1,2,3,4",game.actions shape,fetched,27,boxScoreTraditional shape,
0022500520,2025-26,2026-01-07,BOS vs. DEN,DEN,fetched,498,"1,2,3,4",game.actions shape,fetched,25,boxScoreTraditional shape,
0022500532,2025-26,2026-01-09,BOS vs. TOR,TOR,fetched,441,"1,2,3,4",game.actions shape,fetched,26,boxScoreTraditional shape,
0022500545,2025-26,2026-01-10,BOS vs. SAS,SAS,fetched,479,"1,2,3,4",game.actions shape,fetched,28,boxScoreTraditional shape,
0022500559,2025-26,2026-01-12,BOS @ IND,IND,fetched,424,"1,2,3,4",game.actions shape,fetched,28,boxScoreTraditional shape,
0022500580,2025-26,2026-01-15,BOS @ MIA,MIA,fetched,499,"1,2,3,4",game.actions shape,fetched,28,boxScoreTraditional shape,
0022500594,2025-26,2026-01-17,BOS @ ATL,ATL,fetched,506,"1,2,3,4",game.actions shape,fetched,25,boxScoreTraditional shape,
0022500017,2025-26,2026-01-19,BOS @ DET,DET,fetched,514,"1,2,3,4",game.actions shape,fetched,28,boxScoreTraditional shape,
0022500621,2025-26,2026-01-21,BOS vs. IND,IND,fetched,521,"1,2,3,4",game.actions shape,fetched,27,boxScoreTraditional shape,
0022500637,2025-26,2026-01-23,BOS @ BKN,BKN,fetched,587,"1,2,3,4,5,6",game.actions shape,fetched,27,boxScoreTraditional shape,
0022500647,2025-26,2026-01-24,BOS @ CHI,CHI,fetched,449,"1,2,3,4",game.actions shape,fetched,27,boxScoreTraditional shape,
0022500660,2025-26,2026-01-26,BOS vs. POR,POR,fetched,524,"1,2,3,4",game.actions shape,fetched,28,boxScoreTraditional shape,
0022500673,2025-26,2026-01-28,BOS vs. ATL,ATL,fetched,471,"1,2,3,4",game.actions shape,fetched,25,boxScoreTraditional shape,
0022500689,2025-26,2026-01-30,BOS vs. SAC,SAC,fetched,475,"1,2,3,4",game.actions shape,fetched,28,boxScoreTraditional shape,
0022500702,2025-26,2026-02-01,BOS vs. MIL,MIL,fetched,448,"1,2,3,4",game.actions shape,fetched,26,boxScoreTraditional shape,
0022500721,2025-26,2026-02-03,BOS @ DAL,DAL,fetched,476,"1,2,3,4",game.actions shape,fetched,25,boxScoreTraditional shape,
0022500728,2025-26,2026-02-04,BOS @ HOU,HOU,fetched,489,"1,2,3,4",game.actions shape,fetched,26,boxScoreTraditional shape,
0022500741,2025-26,2026-02-06,BOS vs. MIA,MIA,fetched,491,"1,2,3,4",game.actions shape,fetched,25,boxScoreTraditional shape,
0022500757,2025-26,2026-02-08,BOS vs. NYK,NYK,fetched,477,"1,2,3,4",game.actions shape,fetched,26,boxScoreTraditional shape,
0022500778,2025-26,2026-02-11,BOS vs. CHI,CHI,fetched,472,"1,2,3,4",game.actions shape,fetched,24,boxScoreTraditional shape,
0022500799,2025-26,2026-02-19,BOS @ GSW,GSW,fetched,447,"1,2,3,4",game.actions shape,fetched,27,boxScoreTraditional shape,
0022500823,2025-26,2026-02-22,BOS @ LAL,LAL,fetched,482,"1,2,3,4",game.actions shape,fetched,27,boxScoreTraditional shape,
0022500839,2025-26,2026-02-24,BOS @ PHX,PHX,fetched,453,"1,2,3,4",game.actions shape,fetched,25,boxScoreTraditional shape,
0022500847,2025-26,2026-02-25,BOS @ DEN,DEN,fetched,485,"1,2,3,4",game.actions shape,fetched,25,boxScoreTraditional shape,
0022500859,2025-26,2026-02-27,BOS vs. BKN,BKN,fetched,441,"1,2,3,4",game.actions shape,fetched,27,boxScoreTraditional shape,
0022500874,2025-26,2026-03-01,BOS vs. PHI,PHI,fetched,483,"1,2,3,4",game.actions shape,fetched,25,boxScoreTraditional shape,
0022500880,2025-26,2026-03-02,BOS @ MIL,MIL,fetched,459,"1,2,3,4",game.actions shape,fetched,28,boxScoreTraditional shape,
0022500894,2025-26,2026-03-04,BOS vs. CHA,CHA,fetched,458,"1,2,3,4",game.actions shape,fetched,25,boxScoreTraditional shape,
0022500908,2025-26,2026-03-06,BOS vs. DAL,DAL,fetched,476,"1,2,3,4",game.actions shape,fetched,25,boxScoreTraditional shape,
0022500921,2025-26,2026-03-08,BOS @ CLE,CLE,fetched,470,"1,2,3,4",game.actions shape,fetched,26,boxScoreTraditional shape,
0022500942,2025-26,2026-03-10,BOS @ SAS,SAS,fetched,475,"1,2,3,4",game.actions shape,fetched,25,boxScoreTraditional shape,
0022500959,2025-26,2026-03-12,BOS @ OKC,OKC,fetched,473,"1,2,3,4",game.actions shape,fetched,24,boxScoreTraditional shape,
0022500971,2025-26,2026-03-14,BOS vs. WAS,WAS,fetched,480,"1,2,3,4",game.actions shape,fetched,26,boxScoreTraditional shape,
0022500986,2025-26,2026-03-16,BOS vs. PHX,PHX,fetched,487,"1,2,3,4",game.actions shape,fetched,27,boxScoreTraditional shape,
0022500999,2025-26,2026-03-18,BOS vs. GSW,GSW,fetched,507,"1,2,3,4",game.actions shape,fetched,27,boxScoreTraditional shape,
0022501019,2025-26,2026-03-20,BOS @ MEM,MEM,fetched,483,"1,2,3,4",game.actions shape,fetched,26,boxScoreTraditional shape,
0022501035,2025-26,2026-03-22,BOS vs. MIN,MIN,fetched,493,"1,2,3,4",game.actions shape,fetched,29,boxScoreTraditional shape,
0022501054,2025-26,2026-03-25,BOS vs. OKC,OKC,fetched,482,"1,2,3,4",game.actions shape,fetched,28,boxScoreTraditional shape,
0022501067,2025-26,2026-03-27,BOS vs. ATL,ATL,fetched,471,"1,2,3,4",game.actions shape,fetched,27,boxScoreTraditional shape,
0022501085,2025-26,2026-03-29,BOS @ CHA,CHA,fetched,452,"1,2,3,4",game.actions shape,fetched,26,boxScoreTraditional shape,
0022501092,2025-26,2026-03-30,BOS @ ATL,ATL,fetched,491,"1,2,3,4",game.actions shape,fetched,28,boxScoreTraditional shape,
0022501106,2025-26,2026-04-01,BOS @ MIA,MIA,fetched,469,"1,2,3,4",game.actions shape,fetched,30,boxScoreTraditional shape,
0022501126,2025-26,2026-04-03,BOS @ MIL,MIL,fetched,432,"1,2,3,4",game.actions shape,fetched,27,boxScoreTraditional shape,
0022501132,2025-26,2026-04-05,BOS vs. TOR,TOR,fetched,469,"1,2,3,4",game.actions shape,fetched,30,boxScoreTraditional shape,
0022501149,2025-26,2026-04-07,BOS vs. CHA,CHA,fetched,440,"1,2,3,4",game.actions shape,fetched,27,boxScoreTraditional shape,
0022501168,2025-26,2026-04-09,BOS @ NYK,NYK,fetched,416,"1,2,3,4",game.actions shape,fetched,29,boxScoreTraditional shape,
0022501174,2025-26,2026-04-10,BOS vs. NOP,NOP,fetched,501,"1,2,3,4",game.actions shape,fetched,25,boxScoreTraditional shape,
0022501186,2025-26,2026-04-12,BOS vs. ORL,ORL,fetched,520,"1,2,3,4",game.actions shape,fetched,28,boxScoreTraditional shape,
